id,description,lat,lng,waypoints,geometry,distance
400DN0005DSS,400-SS - S. of 401 Exit,43.72053137,-79.52223983,,,
400DN0010DER,400-OR - 400NB - FINCH EAST,43.75165375,-79.52952512,,,
400DN0010DNC,400-NC - North of 407,43.78573236,-79.53757401,,,
400DN0010DNE,400-NS - North of 407,43.78594179,-79.53787415,,,
400DN0010DNS,400-NS - North of Hwy 401,43.72127932,-79.52213367,,,
400DN0010DSC,400-SC - N.of 407,43.78506675,-79.53831368,,,
400DN0010DSE,400-SS - N.of 407,43.78528226,-79.53815078,,,
400DN0010DSR,400-OR - Finch E. - 400 S.,43.75284929,-79.53084454,,,
400DN0010DSS,400-SS - N. of 401,43.72191184,-79.52290066,,,
400DN0020DNC,400-NC - At Hwy 7,43.78899886,-79.53751266,,,
400DN0020DNE,400-NS - At hwy 7,43.7918497,-79.53937175,,,
400DN0020DNR,400-OR - FINCH EAST - 400 N,43.75345971,-79.52980952,,,
400DN0020DNS,400-NS - South of Sheppard,43.7274465,-79.52407159,,,
400DN0020DSC,400-SC - S. of hwy 7,43.78775282,-79.53994547,,,
400DN0020DSE,400-SS - At hwy 7,43.79196171,-79.53965392,,,
400DN0020DSR,400-OR - Finch W. - 400s.,43.75437458,-79.53210039,,,
400DN0020DSS,400-SS - S. of Sheppard,43.72741198,-79.52445208,,,
400DN0030DNC,400-NC - At Hwy 7,43.79284501,-79.53912459,,,
400DN0030DNE,400-NS - North of Hwy 7,43.79680555,-79.54049567,,,
400DN0030DNR,400-OR - FINCH W - 400 N,43.75728712,-79.53084145,,,
400DN0030DNS,400-NS - At Sheppard,43.73351689,-79.52551505,,,
400DN0030DSC,400-SC - At hwy 7,43.79353702,-79.5404296,,,
400DN0030DSE,400-SS - N. of Hwy 7,43.79676777,-79.5408471,,,
400DN0030DSS,400-SS - S. of Sheppard,43.73348985,-79.52589748,,,
400DN0030DWR,400-OR - 400 SB - Finch,43.75705874,-79.53174676,,,
400DN0040DER,400-OR - 400 N. to Steeles,43.77560638,-79.53525355,,,
400DN0040DNC,400-NC - North of Hwy 7,43.79697125,-79.5402121,,,
400DN0040DNE,400-NS - South of Langstaff,43.80352681,-79.54210859,,,
400DN0040DNS,400-NS - North of Sheppard,43.73868207,-79.52673623,,,
400DN0040DSC,400-SC - N. of Hwy 7,43.79647928,-79.54113282,,,
400DN0040DSE,400-SS - S. of Langstaff,43.80313847,-79.54233672,,,
400DN0040DSR,400-OR - Steeles - 400 S.,43.7758572,-79.53714497,,,
400DN0040DSS,400-SS - N. of Sheppard,43.73862541,-79.52711596,,,
400DN0050DER,400-OR - 400 N - Hwy 7,43.78877061,-79.53718593,,,
400DN0050DNC,400-NC - South of Langstaff,43.80316528,-79.54174671,,,
400DN0050DNS,400-NS - South of Finch,43.74610671,-79.52847797,,,
400DN0050DSC,400-SC - S. of Langstaff,43.80333,-79.54266974,,,
400DN0050DSE,400-SS - At Langstaff,43.81063673,-79.54414599,,,
400DN0050DSS,400-SS - S. of Finch,43.746185,-79.52891037,,,
400DN0058DSS,400-SS - S. of Finch,43.75210556,-79.53029722,,,
400DN0059DSS,400-SS - S. of Finch,43.75255278,-79.53038056,,,
400DN0060DNR,400-OR - Hwy 7 - 400NB,43.79055002,-79.53780926,,,
400DN0060DNS,400-NS - At Finch,43.75314279,-79.53017139,,,
400DN0060DSC,400-SC - At Langstaff,43.81079163,-79.54442616,,,
400DN0060DSR,400-OR - Hwy E. - 400 S.,43.78773431,-79.54012146,,,
400DN0060DSS,400-SS - S. of Finch,43.75298558,-79.5304999,,,
400DN0061DSS,400-SS - SOUTH OF FINCH,43.75343611,-79.53058056,,,
400DN0070DNR,400-OR - Hwy 7 West - 400 NB,43.79339343,-79.53900844,,,
400DN0070DNS,400-NS - North of Finch,43.75858973,-79.53145758,,,
400DN0070DSR,400-OR - Hwy 7 W. - 400S.,43.79217499,-79.54100743,,,
400DN0070DSS,400-SS - At Finch,43.75583382,-79.53114267,,,
400DN0080DER,400-OR - 400NB - Langstaff,43.80327104,-79.54159244,,,
400DN0080DNS,400-NS - South of 407,43.76471516,-79.53291595,,,
400DN0080DSS,400-SS - N. of Finch,43.76079954,-79.53235517,,,
400DN0080DWR,400-OR - 400SB - Hwy 7,43.79402547,-79.54084454,,,
400DN0090DNS,400-NS - At Steeles,43.77145484,-79.53452883,,,
400DN0090DSR,400-OR - Langstaff E.- 400 S.,43.80822672,-79.54423669,,,
400DN0090DSS,400-SS - S. of Steeles,43.76541063,-79.5334505,,,
400DN0100DNS,400-NS - North of Steeles,43.7757128,-79.53552097,,,
400DN0100DSR,400-OR - Langstaff W - 400 S.,43.81011284,-79.54472886,,,
400DN0100DSS,400-SS - S. of Steeles,43.77163041,-79.53486672,,,
400DN0110DNS,400-NS - North of Steeles/CN Rail,43.77977699,-79.53644076,,,
400DN0110DSS,400-SS - At Steeles,43.77568454,-79.53582856,,,
400DN0120DNS,400-NS - At Langstaff,43.8106779,-79.54380137,,,
400DN0120DSS,400-SS - S. of 407,43.77974263,-79.5368487,,,
401DE0010DEC,401-EC - AT KEELE,43.72157548,-79.48448851,,,
401DE0010DEE,401-EE - W OF KEELE,43.72174103,-79.48456517,,,
401DE0010DWT,401-WT - W OF ALLEN,43.72985901,-79.45105781,,,
401DE0020DEC,401-EC - E OF KEELE,43.72310617,-79.47801654,,,
401DE0020DEE,401-EE - E OF KEELE,43.72332674,-79.47813782,,,
401DE0020DET,401-ET - E OF ALLEN RD,43.73040965,-79.44417322,,,
401DE0020DNA,401-OR - ALLEN RD N OF 401,43.73194397,-79.44893324,,,
401DE0020DSR,401-OR - RAMP W401 - KEELE S,43.72140795,-79.48441172,,,
401DE0020DWC,401-WC - E OF KEELE,43.72380043,-79.47767715,,,
401DE0020DWE,401-WE - E OF KEELE,43.72365247,-79.4775922,,,
401DE0030DEC,401-EC - E OF KEELE,43.72434802,-79.47310418,,,
401DE0030DEE,401-EE - W OF DUFFERIN,43.72452406,-79.473189,,,
401DE0030DER,401-OR - RAMP N KEELE - 401EC,43.72189762,-79.48228536,,,
401DE0030DET,401-ET - E OF AVENUE RD,43.74876414,-79.41504168,,,
401DE0030DSF,404-SS - Hwy 404 N of 401,43.76969447,-79.33897605,,,
401DE0030DWC,401-WC - E OF DUFFERIN,43.72578401,-79.46951696,,,
401DE0030DWE,401-WE - E OF KEELE,43.72560259,-79.46943633,,,
401DE0040DEC,401-EC - W OF DUFFERIN,43.72604937,-79.46539216,,,
401DE0040DEE,401-EE - W OF DUFFERIN,43.72625136,-79.46547597,,,
401DE0040DNF,404-NS - Hwy 404 N of 401,43.77025877,-79.33816669,,,
401DE0040DWC,401-WC - W OF DUFFERIN,43.72747877,-79.46168022,,,
401DE0040DWE,401-WE - W OF DUFFERIN,43.72728659,-79.46159901,,,
401DE0040DWR,401-OR - RAMP S KEELE - 401WC,43.72349355,-79.47999735,,,
401DE0040DWT,401-WT - W OF YONGE,43.7484044,-79.41603355,,,
401DE0050DEC,401-EC - W OF DUFFERIN,43.72748642,-79.45881504,,,
401DE0050DEE,401-EE - W OF ALLEN RD,43.7276617,-79.45889534,,,
401DE0050DER,401-OR - RAMP S KEELE - 401EC,43.72293874,-79.47832075,,,
401DE0050DET,401-ET - E of Bayview,43.7648144,-79.37840702,,,
401DE0050DWC,401-WC - W OF ALLEN,43.72955697,-79.45362337,,,
401DE0050DWE,401-WE - W OF ALLEN,43.72882936,-79.45437228,,,
401DE0060DEC,401-EC - W OF ALLEN ROAD,43.72922321,-79.45072368,,,
401DE0060DEE,401-EE - E OF ALLEN RD,43.72938706,-79.45081655,,,
401DE0060DNR,401-OR - RAMP E401 - KEELE,43.72395462,-79.47776141,,,
401DE0060DWC,401-WC - E OF ALLEN,43.73052303,-79.44740792,,,
401DE0060DWE,401-WE - E OF ALLEN,43.73035796,-79.44732902,,,
401DE0060DWT,401-WT - W of Leslie,43.7654066,-79.37765659,,,
401DE0070DEC,401-EC - E OF ALLEN ROAD,43.73114156,-79.44143296,,,
401DE0070DEE,401-EE - E OF ALLEN ROAD,43.73096414,-79.44360364,,,
401DE0070DET,401-ET - E of Leslie,43.76700744,-79.34107514,,,
401DE0070DSR,401-OR - RAMP W401 - DUFFERIN S,43.72679667,-79.46114408,,,
401DE0070DWC,401-WC - E OF ALLEN,43.73275543,-79.44090624,,,
401DE0070DWE,401-WE - E OF ALLEN,43.73235242,-79.44027708,,,
401DE0080DEC,401-EC - W OF BATHURST,43.73355489,-79.43739135,,,
401DE0080DEE,401-EE - W OF BATHURST,43.73369514,-79.43753842,,,
401DE0080DWC,401-WC - E OF BATHURST,43.73548388,-79.43525631,,,
401DE0080DWE,401-WE - W OF BATHURST,43.7353426,-79.43509029,,,
401DE0080DWR,401-OR - RAMP S DUFFERIN 401WC,43.72762566,-79.4617394,,,
401DE0080DWT,401-WT - W of Hwy 404/DVP,43.76775291,-79.34090485,,,
401DE0090DEC,401-EC - E OF BATHURST,43.73682963,-79.43182521,,,
401DE0090DEE,401-EE - E OF BATHURST,43.73696739,-79.43198772,,,
401DE0090DET,401-ET - E OF WARDEN,43.7712509,-79.29935802,,,
401DE0090DWC,401-WC - E OF BATHURST,43.73930155,-79.4288055,,,
401DE0090DWE,401-WE - E OF BATHURST,43.73914691,-79.42861837,,,
401DE0090DWR,401-OR - RAMP S DUFFERIN - 401WC,43.72879125,-79.45691297,,,
401DE0100DEC,401-EC - W OF AVENUE ROAD,43.7409261,-79.42496992,,,
401DE0100DEE,401-EE - W OF AVENUE ROAD,43.74105502,-79.42514762,,,
401DE0100DWC,401-WC - E OF AVENUE,43.74329261,-79.42232363,,,
401DE0100DWE,401-WE - E OF AVENUE,43.74317633,-79.42216187,,,
401DE0100DWR,401-OR - RAMP S ALLEN - 401WE,43.72898826,-79.45444298,,,
401DE0100DWT,401-WT - W of Kennedy,43.77190045,-79.29853547,,,
401DE0110DEC,401-EC - E OF AVENUE ROAD,43.74513897,-79.41834686,,,
401DE0110DEE,401-EE - E OF AVENUE ROAD,43.74528161,-79.41855261,,,
401DE0110DET,401-ET - E. OF MIDLAND,43.77786681,-79.2706301,,,
401DE0110DWC,401-WC - W OF YONGE,43.74711321,-79.41716439,,,
401DE0110DWE,401-WE - W OF YONGE,43.74631478,-79.4176311,,,
401DE0110DWR,401-OR - RAMP S ALLEN - 401WC,43.73040203,-79.45210837,,,
401DE0120DEC,401-EC - W OF YONGE,43.74865499,-79.41479934,,,
401DE0120DEE,401-EE - W OF YONGE,43.74882229,-79.41515428,,,
401DE0120DWC,401-WC - W OF YONGE,43.74990201,-79.41452477,,,
401DE0120DWE,401-WE - W OF YONGE,43.74975919,-79.41433291,,,
401DE0120DWR,401-OR - RAMP N ALLEN - 401WC,43.73049799,-79.45221604,,,
401DE0120DWT,401-WT - W. OF BRIMLEY,43.77909536,-79.2668375,,,
401DE0130DEC,401-EC - AT YONGE,43.75351665,-79.40774343,,,
401DE0130DEE,401-EE - AT YONGE,43.75365239,-79.40790939,,,
401DE0130DET,401-ET - E. OF MCCOWAN,43.78202607,-79.24899787,,,
401DE0130DNR,401-OR - W401 - ALLEN N,43.72911767,-79.45066829,,,
401DE0130DWC,401-WC - E OF YONGE,43.7544586,-79.40738873,,,
401DE0130DWE,401-WE - E OF YONGE,43.75433001,-79.40723688,,,
401DE0140DEC,401-EC - E of Yonge,43.7591659,-79.39881614,,,
401DE0140DEE,401-EE - E of Yonge,43.75928953,-79.39895791,,,
401DE0140DSR,401-OR - RAMP W401 - ALLEN S,43.72895901,-79.45058482,,,
401DE0140DWC,401-WC - E of Yonge,43.76068354,-79.39719448,,,
401DE0140DWE,401-WE - W of Bayview,43.76017467,-79.39780574,,,
401DE0140DWT,401-WT - W. OF MARKHAM,43.78306531,-79.24611147,,,
401DE0150DEC,401-EC - E of Yonge,43.76165166,-79.39285022,,,
401DE0150DEE,401-EE - W of Bayview,43.7618299,-79.39296084,,,
401DE0150DET,401-ET - E. OF MARKHAM,43.79193486,-79.21989199,,,
401DE0150DWC,401-WC - W of Bayview,43.76150754,-79.3951832,,,
401DE0150DWE,401-WE - W of Bayview,43.76164501,-79.39427055,,,
401DE0160DEC,401-EC - W of Bayview,43.762493,-79.38926333,,,
401DE0160DEE,401-EE - W of Bayview,43.76265876,-79.38933646,,,
401DE0160DWC,401-WC - E of Bayview,43.76371369,-79.38610234,,,
401DE0160DWE,401-WE - E of Bayview,43.76355992,-79.3860363,,,
401DE0160DWT,401-WT - AT NEILSON,43.79357889,-79.21668608,,,
401DE0170DEC,401-EC - E of Bayview,43.76407409,-79.38187498,,,
401DE0170DEE,401-EE - E of Bayview,43.76421427,-79.38194434,,,
401DE0170DET,401-ET - E. OF MORNINGSIDE,43.79650337,-79.19512582,,,
401DE0170DNR,401-OR - RAMP YORKDALE - ALLEN,43.7317769,-79.44763017,,,
401DE0170DWC,401-WC - E of Bayview,43.76554067,-79.37770498,,,
401DE0170DWE,401-WE - W of Leslie,43.76527975,-79.37761502,,,
401DE0180DEC,401-EC - E of Bayview,43.76548472,-79.37308702,,,
401DE0180DEE,401-EE - E OF Bayview,43.76567937,-79.37312157,,,
401DE0180DNR,401-OR - RAMP E 401 - ALLEN,43.73186269,-79.44752309,,,
401DE0180DWC,401-WC - W of Leslie,43.76622696,-79.36957806,,,
401DE0180DWE,401-WE - W of Leslie,43.76604546,-79.36955122,,,
401DE0180DWT,401-WT - NEAR MORNINGSIDE,43.7971471,-79.19412042,,,
401DE0190DEC,401-EC - e of Bayview,43.76587045,-79.36590687,,,
401DE0190DEE,401-EE - E of Bayview,43.76605381,-79.36592272,,,
401DE0190DET,401-ET - AT MEADOWVALE,43.79977932,-79.17031962,,,
401DE0190DSR,401-OR - RAMP E 401 - ALLEN S,43.73085179,-79.44714614,,,
401DE0190DWC,401-WC - W of Hwy 404/DVP,43.76658378,-79.36140002,,,
401DE0190DWE,401-WE - W of 404/DVP,43.76641438,-79.36137439,,,
401DE0200DEC,401-EC - E of Leslie,43.76630551,-79.35628432,,,
401DE0200DEE,401-EE - E of Leslie,43.7664929,-79.35630086,,,
401DE0200DSR,401-OR - RAMP E 401 - ALLEN S,43.73064639,-79.44746773,,,
401DE0200DWC,401-WC - W of Hwy 404/DVP,43.76706365,-79.35247298,,,
401DE0200DWE,401-WE - W of Hwy 404/DVP,43.76682261,-79.35244776,,,
401DE0200DWT,401-WT - NEAR MEADOWVALE,43.8002626,-79.17132038,,,
401DE0210DEC,401-EC - E of Leslie,43.76653171,-79.348682,,,
401DE0210DEE,401-EE - E of Don Mills,43.76682454,-79.34871507,,,
401DE0210DET,401-ET - E. OF PORT UNION,43.8012933,-79.13879827,,,
401DE0210DWC,401-WC - W of Hwy 404/DVP,43.76769268,-79.34334712,,,
401DE0210DWE,401-WE - W of Hwy 404/DVP,43.76729746,-79.34381315,,,
401DE0210DWR,401-OR - ALLEN RD - 401WE,43.72938331,-79.44651273,,,
401DE0220DEC,401-EC - E of Don Mills,43.76683524,-79.34105831,,,
401DE0220DEE,401-EE - E of Don Mills,43.76729492,-79.34109758,,,
401DE0220DWC,401-WC - W of Victoria Park,43.76826093,-79.33531943,,,
401DE0220DWE,401-WE - W of Victoria Park,43.76784675,-79.33523382,,,
401DE0220DWR,401-OR - RAMP ALLEN RD - 401,43.72942727,-79.44665348,,,
401DE0220DWT,401-WT - E. OF PORT UNION,43.80143447,-79.13968712,,,
401DE0230DEC,401-EC - E of Hwy 404/DVP,43.767331,-79.33384708,,,
401DE0230DEE,401-EE - E of Hwy 404/DVP,43.76772129,-79.33390714,,,
401DE0230DER,401-OR - RAMP S ALLEN - 401,43.7296421,-79.44545279,,,
401DE0230DWC,401-WC - W of Victoria Park,43.76855069,-79.3265459,,,
401DE0230DWE,401-WE - W of Victoria Park,43.76831564,-79.32653058,,,
401DE0230DWT,401-WT - ROUGEMOUNT,43.80849409,-79.12790736,,,
401DE0240DEC,401-EC - E of Hwy 404/DVP,43.76773178,-79.32827555,,,
401DE0240DEE,401-EE - E of Hwy 404/DVP,43.76802314,-79.32830985,,,
401DE0240DER,401-OR - RAMP YORKDALE - 401,43.7295555,-79.44537169,,,
401DE0240DET,401-ET - E. OF WHITES,43.81890209,-79.11075999,,,
401DE0240DWC,401-WC - W of Warden,43.76857738,-79.31841585,,,
401DE0240DWE,401-WE - W of Warden,43.7683785,-79.31841129,,,
401DE0250DEC,401-EC - E of hwy 404/DVP,43.76799976,-79.32100479,,,
401DE0250DEE,401-EE - E of Hwy 404/DVP,43.76817246,-79.32100882,,,
401DE0250DER,401-OR - RAMP S ALLEN - 401E,43.73077068,-79.44350646,,,
401DE0250DWC,401-WC - W of Warden,43.76903925,-79.31138833,,,
401DE0250DWE,401-WE - W of Warden,43.76883538,-79.31132319,,,
401DE0250DWT,401-WT - W. OF CN RAIL,43.82134691,-79.1082061,,,
401DE0260DEC,401-EC - E of Victoria Park,43.76849606,-79.31119429,,,
401DE0260DEE,401-EE - E of Victoria Park,43.76867225,-79.31125479,,,
401DE0260DNR,401-OR - RAMP E 401 WC - ALLEN,43.73277161,-79.44020095,,,
401DE0260DWC,401-WC - W of Warden,43.77048709,-79.30486002,,,
401DE0260DWE,401-WE - W OF WARDEN,43.77032398,-79.30478724,,,
401DE0260DWT,401-WT - BROCK,43.83774509,-79.07368948,,,
401DE0270DEC,401-EC - E of Warden,43.77047798,-79.3024505,,,
401DE0270DEE,401-EE - E of Warden,43.77064292,-79.30252212,,,
401DE0270DNR,401-OR - RAMP E 401WE - ALLEN,43.73270233,-79.44011674,,,
401DE0270DWC,401-WC - W OF KENNEDY,43.77205348,-79.2986087,,,
401DE0270DWE,401-WE - W. OF KENNEDY,43.77177418,-79.29847459,,,
401DE0280DEC,401-EC - E. OF BIRCHMOUNT,43.7725136,-79.29369341,,,
401DE0280DEE,401-EE - E OF BIRCHMOUNT,43.77269646,-79.2937789,,,
401DE0280DNR,401-OR - RAMP E 401 - BATHURST,43.73557776,-79.43536272,,,
401DE0280DWC,401-WC - AT KENNEDY,43.77430765,-79.28847969,,,
401DE0280DWE,401-WE - AT KENNEDY,43.77413194,-79.28838814,,,
401DE0290DEC,401-EC - W. OF KENNEDY,43.77434468,-79.28593377,,,
401DE0290DEE,401-EE - W. OF KENNEDY,43.77451435,-79.28600885,,,
401DE0290DER,401-OR - RAMP S BATHURST - 401EC,43.73673597,-79.43171387,,,
401DE0290DWC,401-WC - AT KENNEDY,43.77575976,-79.28216686,,,
401DE0290DWE,401-WE - AT KENNEDY,43.77559213,-79.28209569,,,
401DE0300DEC,401-EC - E. OF KENNEDY,43.77671411,-79.27570406,,,
401DE0300DEE,401-EE - E. OF KENNEDY,43.77620986,-79.27874667,,,
401DE0300DWC,401-WC - AT MIDLAND,43.77781997,-79.27328772,,,
401DE0300DWE,401-WE - AT MIDLAND,43.77758047,-79.27338806,,,
401DE0300DWR,401-OR - RAMP N AVENUE - 401W,43.74199242,-79.42481794,,,
401DE0310DEC,401-EC - E. OF MIDLAND,43.77833122,-79.26759703,,,
401DE0310DEE,401-EE - E. OF MIDLAND,43.77797774,-79.27076592,,,
401DE0310DSR,401-OR - RAMP 401EC - AVENUE S,43.74080538,-79.42480498,,,
401DE0310DWC,401-WC - AT BRIMLEY,43.77969,-79.26404501,,,
401DE0310DWE,401-WE - W. OF BRIMLEY,43.77894648,-79.26668864,,,
401DE0320DEC,401-EC - E. OF BRIMLEY,43.78042532,-79.25708475,,,
401DE0320DEE,401-EE - E. OF BRIMLEY,43.77940385,-79.26343661,,,
401DE0320DER,401-OR - RAMP N AVENUE - 401E,43.74154327,-79.4234714,,,
401DE0320DWC,401-WC - AT MCCOWAN,43.78164557,-79.25381888,,,
401DE0320DWE,401-WE - AT MCCOWAN,43.78145976,-79.2537463,,,
401DE0330DEC,401-EC - E. OF MCCOWAN,43.78171364,-79.25003228,,,
401DE0330DEE,401-EE - AT McCOWAN,43.78077251,-79.25632859,,,
401DE0330DWC,401-WC - W. OF MARKHAM,43.78324748,-79.24619531,,,
401DE0330DWE,401-WE - W. OF MARKHAM,43.7829415,-79.24604261,,,
401DE0330DWR,401-OR - RAMP S AVENUE - 401W,43.74314244,-79.42287774,,,
401DE0340DEC,401-EC - E. OF MCCOWAN,43.78346785,-79.24198654,,,
401DE0340DEE,401-EE - E. OF MCCOWAN,43.78218699,-79.24906281,,,
401DE0340DER,401-OR - RAMP S AVENUE - 401E,43.74277372,-79.42161345,,,
401DE0340DWC,401-WC - AT MARKHAM,43.78515251,-79.23760766,,,
401DE0340DWE,401-WE - AT MARKHAM,43.78447242,-79.23946599,,,
401DE0350DEC,401-EC - AT MARKHAM,43.78491029,-79.2364777,,,
401DE0350DEE,401-EE - E. OF MCCOWAN,43.78364801,-79.24206944,,,
401DE0350DNR,401-OR - RAMP E 401 - AVENUE,43.74384447,-79.42206317,,,
401DE0350DWC,401-WC - E. OF MARKHAM,43.78646693,-79.23311222,,,
401DE0350DWE,401-WE - E. OF MARKHAM,43.78630508,-79.23300994,,,
401DE0360DEC,401-EC - E. OF MARKHAM,43.7865437,-79.23111469,,,
401DE0360DEE,401-EE - AT MARKHAM,43.78508698,-79.23656873,,,
401DE0360DNR,401-OR - RAMP W401 - YONGE,43.75237898,-79.40892169,,,
401DE0360DWC,401-WC - W. OF NEILSON,43.78972451,-79.2251331,,,
401DE0360DWE,401-WE - W. OF NEILSON,43.78886362,-79.22625534,,,
401DE0361DSR,401-OR - YONGE,43.75224011,-79.40885185,,,
401DE0370DEC,401-EC - E. OF MARKHAM,43.78919093,-79.22472179,,,
401DE0370DEE,401-EE - E. OF MARKHAM,43.78670459,-79.23119493,,,
401DE0370DWC,401-WC - AT NEILSON,43.79372682,-79.21677412,,,
401DE0370DWE,401-WE - AT NEILSON,43.79344749,-79.2166145,,,
401DE0370DWR,401-OR - N YONGE - 401W,43.75347369,-79.40946796,,,
401DE0380DEC,401-EC - AT NEILSON,43.79219094,-79.21882739,,,
401DE0380DEE,401-EE - E. OF MARKHAM,43.78936554,-79.22487639,,,
401DE0380DWC,401-WC - W. OF NEILSON,43.79497657,-79.20894252,,,
401DE0380DWE,401-WE - W. OF NEILSON,43.79479917,-79.2089079,,,
401DE0380DWR,401-OR - RAMP S YONGE - 401W,43.75455868,-79.40750975,,,
401DE0390DEC,401-EC - E. OF NEILSON,43.79352903,-79.21471884,,,
401DE0390DEE,401-EE - AT NEILSON,43.79199617,-79.22014101,,,
401DE0390DER,401-OR - E. OF YONGE,43.75428848,-79.40616758,,,
401DE0390DWC,401-WC - E. OF MORNINGSIDE,43.79600983,-79.20166488,,,
401DE0390DWE,401-WE - E. OF MORNINGSIDE,43.79584832,-79.20161267,,,
401DE0400DEC,401-EC - E. OF NEILSON,43.79444869,-79.20860638,,,
401DE0400DEE,401-EE - E. OF NEILSON,43.79370065,-79.21480686,,,
401DE0400DNR,401-OR - E 401 - YONGE ST.,43.75571024,-79.40587679,,,
401DE0400DWC,401-WC - NEAR MORNINGSIDE,43.79728813,-79.19416698,,,
401DE0400DWE,401-WE - NEAR MORNINGSIDE,43.79695927,-79.19405602,,,
401DE0410DEC,401-EC - E. OF NEILSON,43.79536909,-79.20229966,,,
401DE0410DEE,401-EE - E. OF NEILSON,43.79465568,-79.20867286,,,
401DE0410DSR,401-OR - RAMP E 401 - BAYVIEW N/S,43.76212218,-79.38991882,,,
401DE0410DWC,401-WC - COLLINS,43.79818857,-79.18677687,,,
401DE0410DWE,401-WE - COLLINS,43.79802411,-79.18671745,,,
401DE0420DEC,401-EC - AT MORNINGSIDE,43.79689603,-79.19143902,,,
401DE0420DEE,401-EE - E. OF NEILSON,43.79553869,-79.20254036,,,
401DE0420DWC,401-WC - W. OF MEADOWVALE,43.79926144,-79.17964368,,,
401DE0420DWE,401-WE - W. OF MEADOWVALE,43.79898533,-79.18009905,,,
401DE0420DWR,401-OR - S Bayview - 401 W,43.76341145,-79.38861253,,,
401DE0430DEC,401-EC - E. OF COLLINS,43.79806988,-79.18366529,,,
401DE0430DEE,401-EE - AT MORNINGSIDE,43.79660467,-79.19515518,,,
401DE0430DER,401-OR - S Bayview - 401 e,43.76244049,-79.3882005,,,
401DE0430DWC,401-WC - NEAR MEADOWVALE,43.80039455,-79.17133491,,,
401DE0430DWE,401-WE - NEAR MEADOWVALE,43.80010383,-79.17130994,,,
401DE0440DEC,401-EC - W. OF MEADOWVALE,43.79905659,-79.17685839,,,
401DE0440DEE,401-EE - COLLINS ROAD,43.7975134,-79.18884194,,,
401DE0440DWC,401-WC - MEADOWVALE,43.79903965,-79.16378485,,,
401DE0440DWE,401-WE - MEADOWVALE,43.79888003,-79.16387622,,,
401DE0440DWR,401-OR - N Bayview - 401 w,43.76387794,-79.38618609,,,
401DE0450DEC,401-EC - AT MEADOWVALE,43.79960358,-79.16948368,,,
401DE0450DEE,401-EE - E. OF COLLINS,43.79824528,-79.18372278,,,
401DE0450DNR,401-OR - w 401 - Bayview N,43.76442973,-79.38482183,,,
401DE0450DWC,401-WC - W. OF KINGSTON ROAD,43.79703525,-79.15800285,,,
401DE0450DWE,401-WE - W. OF KINGSTON ROAD,43.79685145,-79.15812006,,,
401DE0460DEC,401-EC - E. OF MEADOWVALE,43.79820879,-79.16317033,,,
401DE0460DEE,401-EE - W. OF MEADOWVALE,43.79923761,-79.17692095,,,
401DE0460DER,401-OR - n Bayview - 401 e,43.76377589,-79.38272198,,,
401DE0460DWC,401-WC - PORT UNION,43.79707323,-79.14615783,,,
401DE0460DWE,401-WE - PORT UNION,43.79694689,-79.14604097,,,
401DE0470DEC,401-EC - KINGSTON ROAD,43.79562327,-79.15539418,,,
401DE0470DEE,401-EE - AT MEADOWVALE,43.79988389,-79.1694602,,,
401DE0470DWC,401-WC - E. OF PORT UNION,43.80153829,-79.1398121,,,
401DE0470DWE,401-WE - E. OF PORT UNION,43.80024539,-79.14097461,,,
401DE0470DWR,401-OR - S Leslie - 401 W,43.76642606,-79.36768799,,,
401DE0480DEC,401-EC - KINGSTON ROAD,43.79528149,-79.15105366,,,
401DE0480DEE,401-EE - E. OF MEADOWVALE,43.79839651,-79.16305108,,,
401DE0480DSR,401-OR - E 401 - Leslie S,43.76536309,-79.3639003,,,
401DE0480DWC,401-WC - PORT UNION,43.80558437,-79.13326498,,,
401DE0480DWE,401-WE - ROUGE RIVER,43.80543284,-79.13301423,,,
401DE0490DEC,401-EC - PORT UNION,43.79691724,-79.14510534,,,
401DE0490DEE,401-EE - KINGSTON ROAD,43.79578445,-79.15533134,,,
401DE0490DER,401-OR - S Leslie - 401 E,43.76538139,-79.36369469,,,
401DE0490DWC,401-WC - ROUGEMOUNT,43.80839664,-79.12836373,,,
401DE0490DWE,401-WE - ROUGEMOUNT,43.80842884,-79.12776021,,,
401DE0500DEC,401-EC - E. OF PORT UNION,43.80118474,-79.13866703,,,
401DE0500DEE,401-EE - KINGSTON ROAD,43.79547364,-79.15102816,,,
401DE0500DWC,401-WC - W. OF WHITES,43.81204345,-79.12228157,,,
401DE0500DWE,401-WE - W. OF WHITES,43.81231384,-79.12141724,,,
401DE0500DWR,401-OR - N Leslie - 401 W,43.76681091,-79.36214005,,,
401DE0510DEC,401-EC - W. OF ROUGHMOUNT,43.80500168,-79.13284209,,,
401DE0510DEE,401-EE - PORT UNION,43.79704075,-79.14545051,,,
401DE0510DER,401-OR - N Leslie - 401 E,43.76585103,-79.36140016,,,
401DE0510DWC,401-WC - WHITES,43.81718697,-79.11426361,,,
401DE0510DWE,401-WE - WHITES,43.81707639,-79.11405269,,,
401DE0520DEC,401-EC - ROUGHMOUNT,43.80943569,-79.12537286,,,
401DE0520DEE,401-EE - E. OF PORT UNION,43.80138804,-79.13896399,,,
401DE0520DNR,401-OR - W 401 - Leslie N/S,43.76691296,-79.3586992,,,
401DE0520DWC,401-WC - E. OF WHITES,43.82142176,-79.10836676,,,
401DE0520DWE,401-WE - E. OF WHITES,43.82122885,-79.10809845,,,
401DE0530DEC,401-EC - WHITES ROAD,43.81400057,-79.11803946,,,
401DE0530DEE,401-EE - W. OF ROUGHMOUNT,43.80515781,-79.13302921,,,
401DE0530DSR,401-OR - 404SB HOV TUNNEL,43.77105214,-79.33879709,,,
401DE0530DWC,401-WC - CN RAIL,43.82518797,-79.10095214,,,
401DE0530DWE,401-WE - CN RAIL,43.82506704,-79.10072096,,,
401DE0530DWR,401-OR - S DVP - 401 W,43.76743059,-79.34382662,,,
401DE0539DWR,401-OR - S DVP - 401 W,43.76790163,-79.34399768,,,
401DE0540DEC,401-EC - E. OF WHITES,43.81802684,-79.11178789,,,
401DE0540DEE,401-EE - ROUGHMOUNT,43.80960489,-79.1254955,,,
401DE0540DWC,401-WC - W. OF LIVERPOOL,43.82927415,-79.092065,,,
401DE0540DWE,401-WE - W. OF LIVERPOOL,43.82910688,-79.09198271,,,
401DE0540DWR,401-OR - S DVP - 401 W,43.76795607,-79.34338746,,,
401DE0541DWR,401-OR - S DVP - 401 W,43.76802837,-79.3427757,,,
401DE0550DEC,401-EC - E. OF WHITES,43.82341146,-79.10329673,,,
401DE0550DEE,401-EE - WHITES ROAD,43.81410434,-79.11826783,,,
401DE0550DER,401-OR - S DVP - 401 E,43.76670126,-79.33976575,,,
401DE0550DWC,401-WC - LIVERPOOL,43.83182083,-79.08653045,,,
401DE0550DWE,401-WE - LIVERPOOL,43.831671,-79.08642041,,,
401DE0560DEC,401-EC - CN RAIL,43.82605471,-79.09767126,,,
401DE0560DEE,401-EE - E. OF WHITES,43.81895721,-79.11095853,,,
401DE0560DNR,401-OR - EB401 EXP-NB404 EXP,43.76569463,-79.34001439,,,
401DE0560DWC,401-WC - W. OF BROCK,43.83492681,-79.07988062,,,
401DE0560DWE,401-WE - W. OF BROCK,43.83475485,-79.07974989,,,
401DE0570DEC,401-EC - LIVERPOOL ROAD,43.82971795,-79.08972618,,,
401DE0570DEE,401-EE - E. OF WHITES,43.82355571,-79.10353162,,,
401DE0570DNR,401-OR - E 401 - Hwy 404 N,43.76581365,-79.33996376,,,
401DE0570DWE,401-WE - BROCK,43.83761233,-79.07356556,,,
401DE0575DNR,401-OR - EB401 EXP/COL-404 EXP,43.77021131,-79.33833358,,,
401DE0580DEC,401-EC - E. OF LIVERPOOL,43.83395679,-79.08052306,,,
401DE0580DEE,401-EE - CN RAIL,43.82607749,-79.09808555,,,
401DE0580DSR,401-OR - E 401 - DVP S,43.76549629,-79.34010596,,,
401DE0590DEC,401-EC - BROCK ROAD,43.83587081,-79.07643847,,,
401DE0590DEE,401-EE - LIVERPOOL ROAD,43.82990555,-79.08980633,,,
401DE0590DSR,401-OR - E 401 - DVP S,43.7654189,-79.34013849,,,
401DE0600DEE,401-EE - E. OF LIVERPOOL,43.83410969,-79.0806915,,,
401DE0600DWR,401-OR - N Hwy 404 - 401 W,43.76843373,-79.33616964,,,
401DE0610DEE,401-EE - BROCK ROAD,43.83601959,-79.07655943,,,
401DE0610DNR,401-OR - W 401 - Hwy 404 N,43.7696614,-79.33575215,,,
401DE0620DNR,401-OR - W 401 - Hwy 404 N,43.76953427,-79.33585087,,,
401DE0630DSR,401-OR - W 401 - DVP s,43.76941221,-79.33594098,,,
401DE0640DSR,401-OR - W 401 - DVP S,43.76933163,-79.33600802,,,
401DE0650DER,401-OR - N Hwy 404 - 401 e,43.76758815,-79.33211453,,,
401DE0655DER,401-OR - E OF DVP,43.76767561,-79.33212915,,,
401DE0660DSR,401-OR - E 401 - Victoria Park S,43.76772748,-79.32237995,,,
401DE0670DWR,401-OR - S Victoria Park - 401 W,43.76885439,-79.32146337,,,
401DE0680DER,401-OR - S Victoria Park - 401 E,43.76761775,-79.32077477,,,
401DE0690DWR,401-OR - N Victoria Park - 401 w,43.76876037,-79.31892063,,,
401DE0700DNR,401-OR - TO VICTORIA PARK,43.76878711,-79.31705659,,,
401DE0710DER,401-OR - FROM VICTORIA PARK,43.76779779,-79.31685842,,,
401DE0720DWR,401-OR - WARDEN SB - 401 WB,43.77038473,-79.30653215,,,
401DE0730DNR,401-OR - EB 401 - WARDEN,43.77062436,-79.30492277,,,
401DE0740DSR,401-OR - E 401 - Warden N,43.77004804,-79.30373135,,,
401DE0750DER,401-OR - N Warden - 401 E,43.77049649,-79.30135685,,,
401DE0760DWR,401-OR - KENNEDY SB - 401 WB,43.77455148,-79.28808796,,,
401DE0770DSR,401-OR - 401EB TO KENNEDY,43.77377693,-79.28724134,,,
401DE0780DER,401-OR - KENNEDY SB - 401 EB,43.77379869,-79.28562933,,,
401DE0790DWR,401-OR - KENNEDY NB - 401 WB,43.77614781,-79.28357027,,,
401DE0800DER,401-OR - KENNEDY NB - 401 EB,43.77508868,-79.28188621,,,
401DE0810DNR,401-OR - 401 WB - KENNEDY NB,43.77606163,-79.28218541,,,
401DE0820DSR,401-OR - 401EB - PROGRESS,43.77849264,-79.26603889,,,
401DE0830DSR,401-OR - 401EB - BRIMLEY SOUTH,43.77834658,-79.26597373,,,
401DE0840DWR,401-OR - BRIMLEY NB - 401 WB,43.78039975,-79.26377989,,,
401DE0850DSR,401-OR - 401EB - MCCOWAN,43.78004979,-79.25809508,,,
401DE0860DER,401-OR - MCCOWAN SB - 401 EB,43.77984358,-79.25585467,,,
401DE0870DWR,401-OR - MCCOWAN SB - 401 WB,43.78144238,-79.25645813,,,
401DE0880DER,401-OR - MCCOWAN NB - 401 EB,43.7809316,-79.25311908,,,
401DE0890DWR,401-OR - MCCOWAN NB - 401 WB,43.78213051,-79.25380997,,,
401DE0900DNR,401-OR - 401 WB - MCCOWAN,43.78242251,-79.25347061,,,
401DE0910DER,401-OR - CORPORATE NB - 401 EB,43.78077249,-79.2529797,,,
401DE0920DSR,401-OR - 401 EB - MARKHAM,43.78424899,-79.237579,,,
401DE0930DWR,401-OR - MARKHAM SB - 401 WB,43.78576008,-79.23672812,,,
401DE0940DER,401-OR - MARKHAM SB - 401 EB,43.78426913,-79.23630896,,,
401DE0950DWR,401-OR - MARKHAM NB - 401 WB,43.78658413,-79.23421869,,,
401DE0960DER,401-OR - MARKHAM NB - 401 EB,43.7857239,-79.23287176,,,
401DE0970DNR,401-OR - 401 WB - MARKHAM,43.7868691,-79.2327805,,,
401DE0980DSR,401-OR - 401 EB TO NEILSON,43.79208579,-79.21863098,,,
401DE0990DWR,401-OR - NEILSON SB - 401 WB,43.79417813,-79.21677257,,,
401DE1000DWR,401-OR - NEILSON NB - 401 WB,43.79462536,-79.21483843,,,
401DE1010DER,401-OR - NEILSON - 401 EB,43.79355632,-79.21332382,,,
401DE1020DNR,401-OR - 401 WB - NEILSON,43.79465171,-79.21313838,,,
401DE1030DSR,401-OR - 401EB - MORNINGSIDE,43.79523475,-79.20237687,,,
401DE1040DWR,401-OR - MORININGSIDE SB - 401 WB,43.79619916,-79.2017148,,,
401DE1050DER,401-OR - MORNINGSIDE S. - 401 E.,43.79512476,-79.19797817,,,
401DE1060DER,401-OR - NB MORNINGSIDE-401EB,43.79593697,-79.1954608,,,
401DE1070DWR,401-OR - NB MORNINGSIDE-401WB,43.79715517,-79.19619384,,,
401DE1080DNR,401-OR - WB401-MORNINGSIDE,43.79747225,-79.19422228,,,
401DE1090DWR,401-OR - SB MEADOWVALE-401WB,43.80059847,-79.1694582,,,
401DE1110DSR,401-OR - EB401-MEADOWVALE,43.79938889,-79.16953333,,,
401DE1120DER,401-OR - SB MEADOWVALE-401EB,43.79906132,-79.16705334,,,
401DE1130DWR,401-OR - NB MEADOWVALE-401WB,43.7998983,-79.16563918,,,
401DE1140DNR,401-OR - WB401-MEADOWVALE,43.79922178,-79.16367885,,,
401DE1150DSR,401-OR - EB401-KINGSTON ROAD,43.7954519,-79.1554595,,,
401DE1160DWR,401-OR - KINGSTON-WB 401,43.7961555,-79.15387524,,,
401DE1170DER,401-OR - EB HWY2A-401EB,43.79522798,-79.1493267,,,
401DE1180DER,401-OR - SB PORT UNION-401EB,43.79666589,-79.14511449,,,
401DE1190DWR,401-OR - PORT UNION - 401 WB,43.79878412,-79.14418268,,,
401DE1200DWR,401-OR - 401WB-HWY 2A WB,43.79889937,-79.14357756,,,
401DE1210DNR,401-OR - 401WB-KINGSTON ROAD,43.79986546,-79.14266212,,,
401DE1220DER,401-OR - PORT UNION - 401 EB,43.80108218,-79.13856187,,,
401DE1230DSR,401-OR - EB401-WHITES,43.81385857,-79.11794566,,,
401DE1240DWR,401-OR - SB WHITES-401WB,43.8157145,-79.11692932,,,
401DE1250DER,401-OR - SB WHITES-EB 401,43.81523722,-79.11548663,,,
401DE1260DWR,401-OR - NB WHITES-401WB,43.81806746,-79.11367122,,,
401DE1270DER,401-OR - NB WHITES - EB 401,43.81791974,-79.11166485,,,
401DE1280DWR,401-OR - HWY2-401WB,43.82030104,-79.1102409,,,
401DE1290DNR,401-OR - WB401-HWY 2,43.82157636,-79.10851621,,,
401DE1300DWR,401-OR - SB LIVERPOOL-401WB,43.82976347,-79.09140787,,,
401DE1310DWR,401-OR - NB LIVERPOOL-401WB,43.83165661,-79.08764399,,,
401DE1320DNR,401-OR - WB401-LIVERPOOL,43.83214287,-79.08661588,,,
401DE1330DSR,401-OR - EB 401-BROCK,43.83603377,-79.07557721,,,
401DE1340DWR,401-OR - SB BROCK - 401WB,43.83865866,-79.07229238,,,
401DW0010DEC,401-EC - W OF KEELE,43.7197938,-79.49187078,,,
401DW0010DEE,401-EE - W OF KEELE,43.71999439,-79.4919392,,,
401DW0010DER,401-OR - RAMP S 400 - 401EC,43.71584104,-79.51591001,,,
401DW0010DES,401-ES - W OF KIPLING,43.69840591,-79.5634309,,,
401DW0010DNF,401-OR - 400 N OF 401,43.71725207,-79.51890369,,,
401DW0010DWC,401-WC - E OF BASKET WEAVE,43.72058323,-79.49104099,,,
401DW0010DWE,401-WE - E OF BASKET WEAVE,43.72039353,-79.49096525,,,
401DW0010DWS,401-WS - W OF ISLINGTON,43.7041546,-79.558714,,,
401DW0010DWT,401-WT - E OF JANE,43.71947401,-79.49924965,,,
401DW0020DEC,401-EC - E OF JANE,43.71783084,-79.50000089,,,
401DW0020DEE,401-EE - E OF JANE,43.71849792,-79.50063193,,,
401DW0020DER,401-OR - RAMP N 400 - 401EC,43.71604434,-79.51597892,,,
401DW0020DES,401-ES - E OF MARTINGROVE,43.69421445,-79.56714436,,,
401DW0020DSF,401-OR - S OF HWY401,43.71572712,-79.51997159,,,
401DW0020DWC,401-WC - E OF JANE,43.71967562,-79.4993408,,,
401DW0020DWE,401-WE - E OF JANE,43.7188968,-79.49921345,,,
401DW0020DWS,401-WS - W OF KIPLING,43.70034144,-79.56209323,,,
401DW0020DWT,401-WT - TRANSFER 401WC -401W,43.71916575,-79.49931202,,,
401DW0030DEC,401-EC - E OF 400,43.71731318,-79.50827758,,,
401DW0030DEE,401-EE - E OF 400,43.71746808,-79.50902276,,,
401DW0030DES,401-ES - E OF MARTINGROVE,43.69126819,-79.56953178,,,
401DW0030DET,401-ET - E OF JANE,43.71829004,-79.50052254,,,
401DW0030DNR,401-OR - E. EGLINTON - HWY 427 N.,43.67262861,-79.57939555,,,
401DW0030DWC,401-WC - W OF JANE,43.71790748,-79.50841113,,,
401DW0030DWE,401-WE - W OF JANE,43.71771122,-79.50836727,,,
401DW0030DWR,401-OR - RAMP S400 - 401W,43.71713648,-79.51749262,,,
401DW0030DWS,401-WS - W OF KIPLING,43.69649539,-79.5655374,,,
401DW0030DWT,401-WT - TRANSFER(EXP TO COL),43.66153707,-79.61094332,,,
401DW0040DEC,401-EC - E OF 400,43.71655896,-79.51554723,,,
401DW0040DEE,401-EE - E OF 400,43.71673243,-79.51558793,,,
401DW0040DES,401-ES - W OF MARTIN GROVE,43.68647204,-79.57235041,,,
401DW0040DET,401-ET - E OF JANE,43.7179799,-79.5000872,,,
401DW0040DNF,401-OR - HWY 427 NB,43.67239203,-79.57935267,,,
401DW0040DNR,401-OR - E. EGLINTON - HWY 427 N.,43.67173474,-79.58560807,,,
401DW0040DSR,401-OR - RAMP 401E - 400S,43.7179773,-79.51784892,,,
401DW0040DWC,401-WC - E OF 400,43.71696818,-79.51653152,,,
401DW0040DWE,401-WE - E OF 400,43.71680147,-79.51648691,,,
401DW0040DWS,401-WS - E OF MARTINGROVE,43.69260415,-79.56887736,,,
401DW0050DEC,401-EC - W OF 400,43.71577225,-79.52233546,,,
401DW0050DEE,401-EE - W OF 400,43.71597305,-79.52272274,,,
401DW0050DER,401-OR - N. HWY 427-EGLINTON E.,43.67011365,-79.58494282,,,
401DW0050DES,401-ES - E OF HWY27,43.68180381,-79.57493922,,,
401DW0050DET,401-ET - TRANSFER(COL TO EXP),43.6592461,-79.61387465,,,
401DW0050DNR,401-OR - RAMP E401 - 400N,43.71809593,-79.51779806,,,
401DW0050DWC,401-WC - W OF 400,43.71598761,-79.52556679,,,
401DW0050DWE,401-WE - E OF WESTON,43.71579957,-79.52549489,,,
401DW0050DWS,401-WS - W OF MARTIN GROVE,43.68850389,-79.57146533,,,
401DW0060DEC,401-EC - E OF WESTON,43.71425514,-79.53072823,,,
401DW0060DEE,401-EE - E OF WESTON,43.71445447,-79.53082613,,,
401DW0060DES,401-ES - NEAR HWY 27,43.67826345,-79.57684427,,,
401DW0060DET,401-ET - TRANSFER(EXP TO COL),43.65890567,-79.61351106,,,
401DW0060DNF,401-OR - HWY 427 NB,43.67160659,-79.58556955,,,
401DW0060DNR,401-OR - RAMP W401-400N,43.71719755,-79.51904992,,,
401DW0060DSF,401-OR - HWY 427 SB.,43.66998941,-79.58490811,,,
401DW0060DWC,401-WC - E OF WESTON,43.71423765,-79.53336402,,,
401DW0060DWE,401-WE - E OF WESTON,43.71406852,-79.53328816,,,
401DW0060DWS,401-WS - E OF HWY 27,43.68442189,-79.57392805,,,
401DW0070DEC,401-EC - W OF WESTON,43.71279058,-79.53718411,,,
401DW0070DEE,401-EE - W OF WESTON,43.71295086,-79.53725906,,,
401DW0070DES,401-ES - W OF HWY 27,43.67380558,-79.5798861,,,
401DW0070DNR,401-OR - W. 401 - 427 N.,43.67266316,-79.58944665,,,
401DW0070DSR,401-OR - RAMP W401 - BLACK CREEK,43.71496216,-79.52026032,,,
401DW0070DWC,401-WC - W OF WESTON,43.71243925,-79.54144604,,,
401DW0070DWE,401-WE - W OF WESTON,43.712169,-79.5413102,,,
401DW0070DWS,401-WS - AT HWY 27,43.67980845,-79.57629222,,,
401DW0080DEC,401-EC - W OF WESTON,43.71123916,-79.54363467,,,
401DW0080DEE,401-EE - W OF WESTON,43.71140252,-79.54372168,,,
401DW0080DES,401-ES - E OF RENFORTH DR,43.6707713,-79.58506185,,,
401DW0080DNF,401-OR - HWY 427 N. N.0F 401,43.67447344,-79.5916625,,,
401DW0080DWC,401-WC - E OF ISLINGTON,43.7112764,-79.54672356,,,
401DW0080DWE,401-WE - W OF ISLINGTON - 401W,43.71086484,-79.54676504,,,
401DW0080DWR,401-OR - RAMP N400 - 401W,43.71676017,-79.52101404,,,
401DW0080DWS,401-WS - W OF HWY 27,43.67492479,-79.57908087,,,
401DW0090DEC,401-EC - E OF ISLINGTON,43.70973598,-79.55004137,,,
401DW0090DEE,401-EE - E OF ISLINGTON,43.70988951,-79.55011777,,,
401DW0090DER,401-OR - RAMP N.427-EGLINTON E.,43.67442137,-79.59190603,,,
401DW0090DNF,401-OR - HWY 427 NB.,43.66992196,-79.57424069,,,
401DW0090DSR,401-OR - W OF 400,43.71540229,-79.52407602,,,
401DW0090DWC,401-WC - W OF ISLINGTON,43.70871363,-79.55435068,,,
401DW0090DWE,401-WE - W OF ISLINGTON - 401W,43.70859388,-79.55419278,,,
401DW0090DWS,401-WE - AT HWY 427,43.67139483,-79.58400987,,,
401DW0100DEC,401-EC - W OF ISLINGTON,43.70795449,-79.5539574,,,
401DW0100DEE,401-EE - E OF KIPLING,43.70709596,-79.55570178,,,
401DW0100DNR,401-OR - RAMP W401 - 400N,43.71563121,-79.52345595,,,
401DW0100DSF,401-OR - HWY 427 S. S.OF 401,43.67021927,-79.57602299,,,
401DW0100DSS,401-OR - HWY 427 S. N.OF 401,43.67437332,-79.59212598,,,
401DW0100DWC,401-WC - W. OF RENFORTH,43.66719045,-79.59630347,,,
401DW0100DWS,401-WE - E OF RENFORTH,43.66881824,-79.5909628,,,
401DW0110DEC,401-EC - E OF KIPLING,43.70275719,-79.55931063,,,
401DW0110DEE,401-EE - E OF KIPLING,43.70284097,-79.55949895,,,
401DW0110DNR,401-OR - RAMP E401 - WESTON,43.71450492,-79.53348846,,,
401DW0110DWC,401-WC - W. OF RENFORTH,43.66436412,-79.60414778,,,
401DW0120DEC,401-EC - W. OF RENFORTH,43.66500409,-79.60025563,,,
401DW0120DER,401-OR - S WESTON - 401EC,43.7134227,-79.53383631,,,
401DW0120DWC,401-WC - AT TRANSFER,43.66166902,-79.61108862,,,
401DW0130DEC,401-EC - E. OF ETOBICOKE CREEK,43.66231504,-79.6072242,,,
401DW0130DWC,401-WC - E. OF ETOBICOKE CREEK,43.65826773,-79.61738677,,,
401DW0130DWR,401-OR - RAMP S WESTON - 401W,43.71390699,-79.53543161,,,
401DW0140DEC,401-EC - AT BASKETWEAVE,43.65866183,-79.6135201,,,
401DW0140DER,401-OR - RAMP N WESTON - 401EC,43.71243153,-79.53719355,,,
401DW0140DWC,401-WC - ETOBICOKE CREEK,43.65523992,-79.62268926,,,
401DW0150DEC,401-EC - NEAR ETOBICOKE CREEK,43.65547848,-79.62007965,,,
401DW0150DSR,401-OR - RAMP W 401 - WESTON,43.71192827,-79.53765417,,,
401DW0150DWC,401-WC - W. OF ETOBICOKE CREEK,43.65176839,-79.62972518,,,
401DW0160DEC,401-EC - E. OF DIXIE,43.65255571,-79.62620725,,,
401DW0160DWC,401-WC - AT DIXIE,43.64913611,-79.63611263,,,
401DW0160DWR,401-OR - RAMP N WESTON - 401,43.71305467,-79.53929772,,,
401DW0170DEC,401-EC - E. OF DIXIE,43.64972534,-79.63259749,,,
401DW0170DWC,401-WC - W. OF DIXIE,43.64687,-79.64216,,,
401DW0170DWR,401-OR - RAMP E 401 - 409W,43.71118967,-79.54842558,,,
401DW0180DEC,401-EC - AT DIXIE,43.64708284,-79.63935294,,,
401DW0180DWC,401-WC - E. OF TOMKEN,43.64402,-79.65042,,,
401DW0180DWR,401-OR - RAMP E 401WE - 409W,43.71108643,-79.5483703,,,
401DW0190DEC,401-EC - E. OF TOMKEN,43.64481301,-79.64499329,,,
401DW0190DER,401-OR - RAMP S ISLINGTON,43.70957745,-79.54967573,,,
401DW0190DWC,401-WC - W. OF TOMKEN,43.64114,-79.65736,,,
401DW0200DEC,401-EC - AT TOMKEN,43.6417964,-79.65116282,,,
401DW0200DEE,401-EE - AT RENFORTH,43.66800263,-79.59273759,,,
401DW0200DSR,401-OR - RAMP E 401 - ISLINGTON,43.70994662,-79.55300143,,,
401DW0200DWC,401-WC - HWY 403/410,43.63883,-79.66257,,,
401DW0200DWE,401-WE - W. OF RENFORTH,43.66698816,-79.59616675,,,
401DW0210DEC,401-EC - AT HWY 403/410,43.63910008,-79.65794076,,,
401DW0210DEE,401-EE - W. OF RENFORTH,43.66520544,-79.60038741,,,
401DW0210DSR,401-OR - RAMP E401 - 409W,43.70931021,-79.55397249,,,
401DW0210DWE,401-WE - W. OF RENFORTH,43.66415316,-79.60399432,,,
401DW0220DEE,401-EE - E. OF ETOBICOKE CREEK,43.66253583,-79.60740581,,,
401DW0220DSR,401-OR - RAMP E401 - 409W,43.70931021,-79.55397249,,,
401DW0220DWE,401-WE - AT TRANSFER,43.66133798,-79.61074256,,,
401DW0230DEE,401-EE - AT BASKETWEAVE,43.65937248,-79.61427791,,,
401DW0230DNR,401-OR - RAMP W401 - KIPLING,43.70786527,-79.55381986,,,
401DW0230DWE,401-WE - E. OF ETOBICOKE CREEK,43.65807735,-79.61717219,,,
401DW0240DEE,401-EE - NEAR ETOBICOKE CREEK,43.65587699,-79.62054481,,,
401DW0240DWE,401-WE - ETOBICOKE CREEK,43.65506152,-79.62251568,,,
401DW0240DWR,401-OR - RAMP N ISLINGTON - 401W,43.70833621,-79.55526294,,,
401DW0250DEE,401-EE - E. OF DIXIE,43.65275976,-79.62639266,,,
401DW0250DER,401-OR - RAMP W409 - 401EE,43.7069574,-79.55545644,,,
401DW0250DWE,401-WE - W. OF ETOBICOKE CREEK,43.65156618,-79.62954756,,,
401DW0260DEE,401-EE - E. OF DIXIE,43.64993085,-79.63275184,,,
401DW0260DER,401-OR - W409 - 401EC,43.70689294,-79.55533407,,,
401DW0260DWE,401-WE - AT DIXIE,43.64894792,-79.63594435,,,
401DW0270DEE,401-EE - AT DIXIE,43.64729506,-79.63952048,,,
401DW0270DER,401-OR - RAMP S DIXON RD - 401,43.69411804,-79.56697829,,,
401DW0270DWE,401-WE - W. OF DIXIE,43.64584503,-79.64386333,,,
401DW0280DEE,401-EE - E. OF TOMKEN,43.64505409,-79.64518695,,,
401DW0280DNR,401-OR - RAMP E401 - DIXON RD,43.69344021,-79.56874022,,,
401DW0280DWE,401-WE - E. OF TOMKEN,43.6432772,-79.65033394,,,
401DW0290DEE,401-EE - AT TOMKEN,43.6423215,-79.65228926,,,
401DW0290DWE,401-WE - W. OF TOMKEN,43.64084587,-79.65655061,,,
401DW0290DWR,401-OR - S DIXON RD - 401,43.69233485,-79.56948926,,,
401DW0300DEE,401-EE - AT HWY 403/410,43.63971002,-79.65892874,,,
401DW0300DER,401-OR - RAMP N DIXON RD - 401,43.69139537,-79.56906989,,,
401DW0300DWE,401-WE - HWY 403/410,43.638129,-79.66346176,,,
401DW0310DEE,401-EE - E. OF 410 I/C,43.63677019,-79.66642228,,,
401DW0310DSR,401-OR - RAMP W401 - DIXON RD,43.69028613,-79.56930427,,,
401DW0320DWR,401-OR - RENFORTH - HWY 401 W.,43.68926693,-79.57132668,,,
401DW0330DSR,401-OR - E. HWY 401- HWY 427 S.,43.67939578,-79.57706619,,,
401DW0340DER,401-OR - S. HWY 427 - HWY 401 E.,43.67811172,-79.57666834,,,
401DW0340DSR,401-OR - E. HWY 401- HWY 427 S.,43.6757584,-79.57926498,,,
401DW0350DNR,401-OR - E. HWY 401- CARLINGVIEW,43.67505641,-79.57927651,,,
401DW0360DER,401-OR - N. CARLINGVIEW-HWY 401 E,43.67359001,-79.57967087,,,
401DW0360DWR,401-OR - S. HWY 427 - HWY 401 W.,43.67139499,-79.58552966,,,
401DW0370DSR,401-OR - W. HWY 401- HWY 427 S.,43.67005257,-79.5838293,,,
401DW0380DER,401-OR - TO EGLINTON,43.6705482,-79.58490942,,,
401DW0390DER,401-OR - RAMP S.427-EGLINTON E.,43.67085546,-79.57298511,,,
401DW0390DWR,401-OR - E. EGLINTON - HWY 401 W.,43.66920738,-79.5906709,,,
401DW0400DSR,401-OR - RAMP E.EGLINTON-HWY27 S.,43.67428016,-79.57540634,,,
401DW0400DWR,401-OR - FROM HWY 427 NB,43.66936713,-79.59068615,,,
401DW0410DSR,401-OR - HWY27 S. S.0F 401,43.67463673,-79.57510992,,,
401DW0410DWR,401-OR - FROM HWY 427 SB,43.6694671,-79.59077844,,,
401DW0420DSR,401-OR - W. HWY 401 - HWY 427 S.,43.66809731,-79.59057801,,,
401DW0420DWR,401-OR - RAMP N.RENFORTH-401W,43.66732475,-79.59639035,,,
401DW0430DNR,401-OR - W. HWY 401-HWY 427 N.,43.66830137,-79.59071191,,,
401DW0430DWR,401-OR - E-NS DIXIE RAMP,43.64997698,-79.63473388,,,
401DW0440DER,401-OR - RAMP W.401-RENFORTH AVE.,43.66661206,-79.59528661,,,
401DW0440DWR,401-OR - N-W DIXIE RAMP,43.64803771,-79.63985854,,,
401DW0450DER,401-OR - RAMP S.427-401 E.,43.67372337,-79.57697834,,,
401DW0450DWR,401-OR - S-W DIXIE RAMP,43.64792067,-79.63975952,,,
401DW0451DER,401-OR - S-E DIXIE RAMP,43.64849246,-79.63492205,,,
401DW0460DER,401-OR - RAMP S.427-401 E.,43.66996822,-79.5739848,,,
401DW0461DER,401-OR - N-E DIXIE RAMP,43.64727168,-79.63800581,,,
401DW0470DSR,401-OR - E. HWY 401 - HWY 427 S.,43.67036687,-79.57582235,,,
401DW0471DER,401-OR - RAMP TO DIXIE,43.63898864,-79.65784977,,,
403DN0010DER,403-OR - 403EB-QEWSB,43.33381308,-79.83629305,,,
403DN0010DWF,403-OR - 403 WB AT FREEMAN,43.33827152,-79.83019758,,,
403DN0020DSR,403-OR - 403EB-QEW NB,43.33388741,-79.83637838,,,
403DN0020DWF,403-OR - 403 WB AT FREEMAN,43.33413373,-79.83671126,,,
403DN0030DEF,403-OR - 403EB AT FREEMAN,43.32833489,-79.84277531,,,
403DN0030DWF,403-OR - 403 WB AT FREEMAN,43.32847388,-79.84300531,,,
403DN0030DWR,403-OR - QEW NB to 403 WB,43.34027052,-79.82792616,,,
404DE0010DST,404-ST - 404SB TRANSFER AT 401,43.76976698,-79.33916989,,,
404DN0010DER,404-OR - 404NB - SHEPPARD,43.77704148,-79.33925426,,,
404DN0010DNC,404-NC - AT SHEPPARD,43.77732496,-79.33965126,,,
404DN0010DNE,404-NS - AT SHEPPARD,43.77731822,-79.33981897,,,
404DN0010DNS,404-NS - AT VANHORNE,43.78622825,-79.34150367,,,
404DN0010DSC,404-SC - AT SHEPPARD,43.77932672,-79.34052592,,,
404DN0010DSE,404-SS - AT SHEPPARD,43.77933873,-79.34032941,,,
404DN0010DSR,404-OR - SHEPPARD - 404 SB,43.778789,-79.34077885,,,
404DN0010DSS,404-SS - AT VAN HORNE,43.78620005,-79.34180617,,,
404DN0011DNH,404-NH - HOV AT VANHORNE,43.78623,-79.3415,,,
404DN0011DSH,404-SH - HOV AT VAN HORNE,43.7862,-79.34181,,,
404DN0020DNR,404-OR - SHEPPART - 404 NB,43.77791379,-79.33920555,,,
404DN0020DNS,404-NS - AT FINCH,43.79326025,-79.34305963,,,
404DN0020DSS,404-SS - SOUTH OF FINCH,43.79175862,-79.34299748,,,
404DN0020DWR,404-OR - 404 SB - SHEPPARD,43.77933561,-79.34076815,,,
404DN0021DNH,404-NH - HOV AT FINCH,43.79326,-79.34306,,,
404DN0021DSH,404-SH - HOV SOUTH OF FINCH,43.79176,-79.343,,,
404DN0030DER,404-OR - 404NB- FINCH,43.79257833,-79.34259044,,,
404DN0030DNS,404-NS - NORTH OF FINCH,43.79823226,-79.34415668,,,
404DN0030DSR,404-OR - FINCH - 404 SB,43.79257306,-79.34344564,,,
404DN0030DSS,404-SS - NORTH OF FINCH,43.79669882,-79.3440668,,,
404DN0031DNH,404-NH - HOV NORTH OF FINCH,43.79823,-79.34416,,,
404DN0031DSH,404-SH - HOV NORTH OF FINCH,43.7967,-79.34407,,,
404DN0040DNR,404-OR - FINCH - 404 NB,43.79415587,-79.34285694,,,
404DN0040DNS,404-NS - AT MCNICOLL,43.80236362,-79.34502943,,,
404DN0040DSR,404-OR - FINCH - 404 SB,43.79583548,-79.34422318,,,
404DN0040DSS,404-SS - AT MCNICOLL,43.80233738,-79.345331,,,
404DN0041DNH,404-NH - HOV AT MCNICOLL,43.80236,-79.34503,,,
404DN0041DSH,404-SH - HOV AT MCNICOLL,43.80234,-79.34533,,,
404DN0050DNR,404-OR - FINCH WEST - 404 NB,43.79612325,-79.34333788,,,
404DN0050DNS,404-NS - AT WOODBINE,43.81028766,-79.34723611,,,
404DN0050DSS,404-SS - SOUTH OF WOODBINE,43.80875731,-79.34674125,,,
404DN0050DWR,404-OR - 404SB - FINCH,43.79738525,-79.34453067,,,
404DN0051DNH,404-NH - HOV AT STEELES,43.81029,-79.34724,,,
404DN0051DSH,404-SH - HOV SOUTH OF WOODBINE,43.80876,-79.34674,,,
404DN0060DNR,404-OR - 404NB - WOODBINE/STEELES,43.8103512,-79.34688753,,,
404DN0060DNS,404-NS - NORTH OF STEELES,43.81428583,-79.35479241,,,
404DN0060DSR,404-OR - W00DBINE - 404 SB,43.80857092,-79.34705219,,,
404DN0060DSS,404-SS - SOUTH OF STEELES,43.81200882,-79.34980041,,,
404DN0061DNH,404-NH - HOV NORTH OF STEELES,43.81429,-79.35479,,,
404DN0061DSH,404-SH - HOV SOUTH OF STEELES,43.81201,-79.3498,,,
404DN0070DNR,404-OR - STEELES - 404 NB,43.81255603,-79.34998143,,,
404DN0070DNS,404-NS - NORTH OF JOHN,43.82273426,-79.36149369,,,
404DN0070DSR,404-OR - STEELES - 404 SB,43.81184282,-79.34982114,,,
404DN0070DSS,404-SS - AT STEELES,43.81415664,-79.35503622,,,
404DN0071DNH,404-NH - HOV NORTH OF JOHN,43.82273,-79.36149,,,
404DN0071DSH,404-SH - HOV AT STEELE,43.81416,-79.35504,,,
404DN0080DNR,404-OR - STEELES - 404 NB,43.81439677,-79.35471566,,,
404DN0080DNS,404-NS - AT 407ETR,43.8312356,-79.36505512,,,
404DN0080DSR,404-OR - STEELES - 404 SB,43.81369136,-79.35439734,,,
404DN0080DSS,404-SS - AT JOHN,43.82268773,-79.36177239,,,
404DN0081DNH,404-NH - HOV AT 407TER,43.83124,-79.36506,,,
404DN0081DSH,404-SH - HOV AT JOHN,43.82269,-79.36177,,,
404DN0090DER,404-OR - 404NB - HWY 7,43.84232885,-79.36896183,,,
404DN0090DNS,404-NS - NORTH OF 407ETR,43.83734061,-79.36740413,,,
404DN0090DSS,404-SS - SOUTH OF 407ETR,43.83042242,-79.36510812,,,
404DN0090DWR,404-OR - 404 SB - STEELES,43.81435933,-79.35620176,,,
404DN0091DNH,404-NH - HOV NORTH OF 407ETR,43.83734,-79.3674,,,
404DN0091DSH,404-SH - HOV SOUTH OF 407ETR,43.83042,-79.36511,,,
404DN0100DNR,404-OR - HWY 7 - 404 NB,43.84894328,-79.37086773,,,
404DN0100DNS,404-NS - NORTH OF 407ETR,43.84314277,-79.3694573,,,
404DN0100DSS,404-SS - AT 407ETR,43.8372603,-79.36788861,,,
404DN0101DNH,404-NH - HOV NORTH OF 407ETR,43.84314,-79.36946,,,
404DN0101DSH,404-SH - HOV AT 407ETR,43.83726,-79.36789,,,
404DN0110DNR,404-OR - HWY 7 - 404 NB,43.84896418,-79.37067919,,,
404DN0110DNS,404-NS - NORTH OF HWY 7,43.85202628,-79.37193099,,,
404DN0110DSS,404-SS - SOUTH OF HWY 7,43.84452816,-79.37041764,,,
404DN0110DWR,404-OR - 404SB - HWY 7,43.85167,-79.3725,,,
404DN0111DSH,404-SH - HOV SOUTH OF HWY 7,43.84453,-79.37042,,,
404DN0120DSS,404-SS - NORTH OF HWY 7,43.85139781,-79.37225507,,,
404DN0121DSH,404-SH - HOV SOUTH OF 16TH AVE,43.8514,-79.37226,,,
410DW0010DER,410-NS - 403-401EB EXP RAMP,43.64226577,-79.65175482,,,
410DW0010DNC,410-NC - AT MATHESON,43.62916435,-79.64565238,,,
410DW0010DNE,410-NS - N. OF MATHESON,43.63307037,-79.65114136,,,
410DW0010DNR,410-OR - 401WB COL -410NB RAMP,43.64406488,-79.65228268,,,
410DW0010DNT,410-NT - TRANSFER,43.62494272,-79.64017456,,,
410DW0010DSC,410-SC - S OF 401,43.62927112,-79.64743593,,,
410DW0010DSE,410-SS - AT MATHESON,43.62956048,-79.64714229,,,
410DW0010DSR,410-OR - 410SB-401EB COL RAMP,43.63925868,-79.65808119,,,
410DW0010DST,410-ST - AT EGLINTON,43.62120176,-79.63627106,,,
410DW0010DWR,410-SS - WB401EXP -SB410EXP RAMP,43.64374981,-79.65004851,,,
410DW0020DNC,410-NC - N 0F EGLINTON,43.62502002,-79.64005684,,,
410DW0020DNE,410-NS - AT MATHESON,43.6291262,-79.64606723,,,
410DW0020DNR,410-NC - 410NB - 401EB COL,43.63956175,-79.65290004,,,
410DW0020DSC,410-SC - S OF MATHESON,43.62454434,-79.64110051,,,
410DW0020DSE,410-SS - S OF MATHESON,43.62476154,-79.64078853,,,
410DW0020DWR,410-SC - 401WBCOL -410SBCOL RAMP,43.64393993,-79.65212208,,,
410DW0030DNE,410-NS - N OF EGLINTON,43.6248285,-79.64033311,,,
410DW0030DSE,410-SS - AT EGLINTON,43.62131021,-79.6361507,,,
410DW0030DSR,410-SS - 401WB EXP-403WB EXP RAMP,43.63923841,-79.65547104,,,
410DW0040DNR,410-NS - NB410 - EB401 EXP,43.63778896,-79.65461472,,,
410DW0040DSR,410-SC - 401WB COL-403WB COL RAMP,43.63900959,-79.656213,,,
410DW0050DNR,410-OR - 410NB,43.63794887,-79.657597,,,
410DW0050DSR,410-OR - SB 410 COL,43.63787559,-79.65895171,,,
410DW0060DNR,410-OR - 410 NB,43.63322404,-79.65075778,,,
410DW0060DSR,410-OR - SB 410 COL,43.63389957,-79.65367194,,,
410DW0070DNR,410-NC - 410 NB - 401EB COL,43.63339508,-79.65058083,,,
410DW0070DSR,410-SS - WB401EXP - SB410EXP,43.63420345,-79.65313761,,,
410DW0080DNR,410-OR - AT EGLINTON,43.62096494,-79.63462846,,,
410DW0080DSR,410-SC - WB401COL - SB410COL,43.63402636,-79.65357033,,,
410DW0080DWR,410-OR - 410SB - 401WB RAMP,43.63714632,-79.6664937,,,
410DW0090DNR,410-OR - E EGLINTON - 410 N,43.62284557,-79.63658016,,,
410DW0090DSR,410-OR - SB410EXP - SB410COL,43.63275474,-79.65162346,,,
410DW0100DER,410-OR - EXIT TO CAWTHRA,43.61146511,-79.63246851,,,
410DW0100DSR,410-OR - SB401COL-EGLINTON E/W,43.62444371,-79.64125217,,,
410DW0110DSR,410-OR - SB410COL - CAWTHRA,43.62192438,-79.63769112,,,
410DW0120DNR,410-OR - W EGLINTON - 410 N,43.62147447,-79.63453273,,,
410DW1030DNS,410-NS - AT EGLINTON,43.62078084,-79.63489963,,,
410DW1040DNS,410-NS - S. OF EGLINTON,43.61565388,-79.63168323,,,
410DW1040DSS,410-SS - S. OF EGLINTON,43.61503964,-79.63194073,,,
410DW1050DNS,410-NS - S OF EGLINTON,43.6107477,-79.63360215,,,
QEWDE0010DES,QEW-TS - AT BRANT,43.34331387,-79.81863813,,,
QEWDE0010DWS,QEW-FS - AT BRANT,43.34351247,-79.81884684,,,
QEWDE0020DES,QEW-TS - E. OF BRANT,43.34649709,-79.81175186,,,
QEWDE0020DWS,QEW-FS - W. OF GUELPH LINE,43.34668156,-79.81189887,,,
QEWDE0030DER,QEW-OR - BRANT TO QEW EB,43.34215363,-79.82057395,,,
QEWDE0030DES,QEW-TS - GUELPH LINE,43.35064899,-79.80523382,,,
QEWDE0030DWS,QEW-FS - GUELPH LINE,43.34885046,-79.80792192,,,
QEWDE0040DER,QEW-OR - BRANT - QEW EB,43.34205026,-79.82046699,,,
QEWDE0040DES,QEW-TS - EAST OF GUELPH,43.35320942,-79.80241876,,,
QEWDE0040DWS,QEW-FS - NEAR GUELPH LINE,43.35331411,-79.80258763,,,
QEWDE0050DER,QEW-OR - SB GUELPH-EB QEW,43.35091542,-79.8042807,,,
QEWDE0050DES,QEW-TS - EAST OF GUELPH LINE,43.35902211,-79.7960125,,,
QEWDE0050DWR,QEW-OR - GUELPH LINE- WB QEW,43.34895401,-79.80805023,,,
QEWDE0050DWS,QEW-FS - WEST OF WALKERS LINE,43.35912671,-79.79617679,,,
QEWDE0060DER,QEW-OR - NB GUELPH-EB QEW,43.35305329,-79.8021549,,,
QEWDE0060DES,QEW-TS - AT WALKERs LINE,43.36408903,-79.79038594,,,
QEWDE0060DWS,QEW-FS - WEST OF WALKERS LINE,43.36343532,-79.79140927,,,
QEWDE0070DER,QEW-OR - SB WALKERS-EB QEW,43.36578158,-79.78745363,,,
QEWDE0070DES,QEW-TS - E. OF WALKERs LINE,43.36892719,-79.78504951,,,
QEWDE0070DWR,QEW-OR - SB WALKERS-WB QEW,43.36736062,-79.78964976,,,
QEWDE0070DWS,QEW-FS - E. OF WALKERS,43.3684061,-79.78591003,,,
QEWDE0080DER,QEW-OR - NB WALKERS-EB QEW,43.36518964,-79.78600516,,,
QEWDE0080DES,QEW-TS - E. OF WALKERs LINE,43.37336505,-79.78016785,,,
QEWDE0080DWR,QEW-OR - NB WALKERS-WB QEW,43.36697407,-79.78845783,,,
QEWDE0080DWS,QEW-FS - W. OF APPLEBY LINE,43.37346713,-79.78034126,,,
QEWDE0090DER,QEW-OR - SB APPLEBY-EB QEW,43.38042397,-79.77146908,,,
QEWDE0090DES,QEW-TS - APPLEBY LINE,43.37870449,-79.77432166,,,
QEWDE0090DWR,QEW-OR - SB APPLEBY-WB QEW,43.38228784,-79.77438408,,,
QEWDE0090DWS,QEW-FS - W. OF APPLEBY,43.37810389,-79.77528031,,,
QEWDE0100DES,QEW-TS - E. OF APPLEBY LINE,43.38410871,-79.76843328,,,
QEWDE0100DWR,QEW-OR - NB APPLEBY-WB QEW,43.38151743,-79.77246256,,,
QEWDE0100DWS,QEW-FS - E. OF APPLEBY,43.38337363,-79.76951488,,,
QEWDE0110DER,QEW-OR - SB BURLOAK-EB QEW,43.39481945,-79.75611844,,,
QEWDE0110DES,QEW-TS - E. OF APPLEBY LINE,43.38812021,-79.7640496,,,
QEWDE0110DWR,QEW-OR - SB BURLOAK-WB QEW,43.39691569,-79.759004,,,
QEWDE0110DWS,QEW-FS - W. OF BURLOAK,43.38824521,-79.76426527,,,
QEWDE0120DER,QEW-OR - NB BURLOAK-EB QEW,43.39366641,-79.75397731,,,
QEWDE0120DES,QEW-TS - BURLOAK DRIVE,43.39300288,-79.75880185,,,
QEWDE0120DWR,QEW-OR - NB BURLOAK-WB QEW,43.39577354,-79.75687148,,,
QEWDE0120DWS,QEW-FS - W. OF BURLOAK,43.39228554,-79.75987564,,,
QEWDE0130DER,QEW-OR - BRONTE-EB QEW,43.40845373,-79.738292,,,
QEWDE0130DES,QEW-TS - E. OF BURLOAK,43.39786939,-79.75354836,,,
QEWDE0130DWR,QEW-OR - BRONTE-WB QEW,43.4128742,-79.73957193,,,
QEWDE0130DWS,QEW-FS - E. OF BURLOAK,43.39764553,-79.75407754,,,
QEWDE0135DER,QEW-OR - THIRD LINE - QEW,43.4233038,-79.7247595,,,
QEWDE0140DES,QEW-TS - E. OF BURLOAK,43.40173482,-79.74935278,,,
QEWDE0140DWR,QEW-OR - THIRD LINE-WB QEW,43.42524292,-79.72714686,,,
QEWDE0140DWS,QEW-FS - W. OF BRONTE,43.401846,-79.74953073,,,
QEWDE0150DER,QEW-OR - SB DORVAL - EB QEW,43.4456203,-79.70050544,,,
QEWDE0150DES,QEW-TS - E. OF BURLOAK,43.40532799,-79.74549607,,,
QEWDE0150DWR,QEW-OR - SB DORVAL - WB QEW,43.44525172,-79.7020736,,,
QEWDE0150DWS,QEW-FS - W. OF BRONTE,43.40542048,-79.74565835,,,
QEWDE0160DER,QEW-OR - NB DORVAL - EB QEW,43.44758703,-79.69832785,,,
QEWDE0160DWR,QEW-OR - NB DORVAL - WB QEW,43.44742376,-79.6997823,,,
QEWDE0170DER,QEW-OR - SB TRAFALGAR - EB QEW,43.46000338,-79.68441328,,,
QEWDE0170DES,QEW-TS - E. OF BRONTE,43.41189374,-79.73839162,,,
QEWDE0170DWR,QEW-OR - SB TRAFALGAR - WB QEW,43.46036969,-79.68524499,,,
QEWDE0170DWS,QEW-FS - E. OF BRONTE,43.41267803,-79.73776156,,,
QEWDE0180DER,QEW-OR - NB TRAFALGAR - EB QEW,43.46138586,-79.68278499,,,
QEWDE0180DES,QEW-TS - E. OF BRONTE,43.41678504,-79.73298331,,,
QEWDE0180DWR,QEW-OR - NB TRAFALGAR - WB QEW,43.4627315,-79.68309876,,,
QEWDE0180DWS,QEW-FS - W. OF THIRD LINE,43.41690035,-79.73315924,,,
QEWDE0190DES,QEW-TS - THIRD LINE,43.4220034,-79.72722867,,,
QEWDE0190DWR,QEW-OR - ROYAL WINDSOR NB-QEW WB,43.471603,-79.67432109,,,
QEWDE0190DWS,QEW-FS - W. OF THIRD LINE,43.42210725,-79.72741264,,,
QEWDE0200DES,QEW-TS - E. OF THIRD LINE,43.42597249,-79.72282052,,,
QEWDE0200DWR,QEW-OR - FORD SB - QEW WB,43.48775092,-79.67342988,,,
QEWDE0200DWS,QEW-FS - E. OF THIRD LINE,43.42609709,-79.72301362,,,
QEWDE0205DWR,QEW-OR - FORD NB - QEW WB,43.49613279,-79.67474562,,,
QEWDE0210DES,QEW-TS - EAST OF THIRD LINE,43.43250922,-79.71558574,,,
QEWDE0210DWS,QEW-FS - WEST OF FOURTH LINE,43.43263604,-79.71576134,,,
QEWDE0220DES,QEW-TS - FOURTH LINE,43.4382124,-79.70926071,,,
QEWDE0220DWS,QEW-FS - FOURTH LINE,43.43833452,-79.70944795,,,
QEWDE0230DES,QEW-TS - DORVAL,43.44499215,-79.70167936,,,
QEWDE0230DWR,QEW-OR - NB ERIN MILLS-WB QEW,43.52547247,-79.6473664,,,
QEWDE0230DWS,QEW-FS - DORVAL,43.44512985,-79.70187165,,,
QEWDE0240DES,QEW-TS - EAST OF DORVAL,43.44908721,-79.69698638,,,
QEWDE0240DWS,QEW-FS - WEST OF DORVAL,43.44906483,-79.69724297,,,
QEWDE0250DES,QEW-TS - 16 MILE CREEK,43.45447031,-79.6910804,,,
QEWDE0250DWS,QEW-FS - WEST OF TRAFALGAR,43.45455202,-79.69121266,,,
QEWDE0260DES,QEW-TS - TRAFALGAR,43.45945465,-79.68568767,,,
QEWDE0260DWS,QEW-FS - TRAFALGAR,43.46029533,-79.68502051,,,
QEWDE0270DES,QEW-TS - TRAFALGAR,43.46199476,-79.68292571,,,
QEWDE0270DWS,QEW-FS - EAST OF TRAFALGAR,43.4630048,-79.68208261,,,
QEWDE0280DES,QEW-TS - EAST OF TRAFALGAR,43.46695801,-79.67755014,,,
QEWDE0280DWS,QEW-FS - WEST OF ROYAL WINDSOR,43.46693764,-79.67792314,,,
QEWDE0290DES,QEW-TS - ROYAL WINDSOR,43.47160767,-79.67372753,,,
QEWDE0290DWS,QEW-FS - ROYAL WINSOR DRIVE,43.47169167,-79.67400312,,,
QEWDE0295DSR,QEW-OR - EB QEW-GUELPH LINE,43.35005549,-79.80557787,,,
QEWDE0300DES,QEW-TS - W OF FORD DR.,43.477376,-79.67225549,,,
QEWDE0300DNR,QEW-OR - SB QEW- BRANT,43.34359915,-79.81892212,,,
QEWDE0300DSR,QEW-OR - EB QEW - WALKERs LINE,43.36390182,-79.79026807,,,
QEWDE0300DWS,QEW-FS - E. OF ROYAL WINDSOR,43.47738226,-79.67254795,,,
QEWDE0310DES,QEW-TS - AT QEW or 403 SPLIT,43.48453255,-79.67272147,,,
QEWDE0310DNR,QEW-OR - WB QEW-GUELPH LINE,43.35376945,-79.80262623,,,
QEWDE0310DSR,QEW-OR - EB QEW-APPLEBY LINE,43.37868614,-79.77404836,,,
QEWDE0310DWS,QEW-FS - WEST OF FORD DRIVE,43.48752396,-79.67315227,,,
QEWDE0320DES,QEW-TS - E. OF QEW or 403 SPLIT,43.49127847,-79.67314641,,,
QEWDE0320DNR,QEW-OR - WB QEW-WALKERS LINE,43.36852309,-79.78610967,,,
QEWDE0320DSR,QEW-OR - EB QEW-BURLOAK DR,43.39280756,-79.7586905,,,
QEWDE0320DWS,QEW-FS - AT FORD DRIVE,43.49238,-79.67343681,,,
QEWDE0330DES,QEW-TS - AT FORD DR.,43.50035907,-79.67298496,,,
QEWDE0330DNR,QEW-OR - WB QEW-APPLEBY,43.38350266,-79.76972801,,,
QEWDE0330DSR,QEW-OR - EB QEW-BRONTE ROAD,43.41070665,-79.73929154,,,
QEWDE0330DWS,QEW-FS - AT FORD DR.,43.50023142,-79.67327378,,,
QEWDE0340DES,QEW-TS - E. OF FORD DR.,43.50439416,-79.66937799,,,
QEWDE0340DNR,QEW-OR - WB QEW-BURLOAK DR,43.39775218,-79.75426461,,,
QEWDE0340DSR,QEW-OR - EB QEW-THIRD LINE,43.42189132,-79.72659763,,,
QEWDE0340DWS,QEW-FS - W. OF WCB,43.50458649,-79.66952292,,,
QEWDE0350DER,QEW-OR - EB QEW - TRUCK STATION,43.43273317,-79.71508116,,,
QEWDE0350DES,QEW-TS - AT WINSTON CHURCHILL,43.50993674,-79.66335886,,,
QEWDE0350DWS,QEW-FS - AT WINSTON CHURCHILL,43.50997496,-79.66359591,,,
QEWDE0360DES,QEW-TS - W. OF SOUTHDOWN,43.51652093,-79.6561607,,,
QEWDE0360DNR,QEW-OR - WB QEW- BRONTE,43.41321186,-79.73742268,,,
QEWDE0360DSR,QEW-OR - EB QEW - DORVAL,43.44480556,-79.70146166,,,
QEWDE0360DWS,QEW-FS - W. OF SOUTHDOWN,43.51665957,-79.6562791,,,
QEWDE0370DES,QEW-TS - E. OF SOUTHDOWN,43.52285016,-79.64924827,,,
QEWDE0370DNR,QEW-OR - WB QEW-THIRD LINE,43.42626432,-79.72325516,,,
QEWDE0370DSR,QEW-OR - EB QEW - TRAFALGAR,43.45933265,-79.6854497,,,
QEWDE0370DWS,QEW-FS - E. OF SOUTHDOWN,43.52283095,-79.64955476,,,
QEWDE0380DER,QEW-OR - QEW EB - ROYAL WINDSOR,43.47009359,-79.67437511,,,
QEWDE0380DES,QEW-TS - AT SOUTHDOWN,43.52644992,-79.64535223,,,
QEWDE0380DWR,QEW-OR - WB QEW - TRUCK STATION,43.43276589,-79.71596907,,,
QEWDE0380DWS,QEW-FS - AT SOUTHDOWN,43.52595003,-79.64612166,,,
QEWDE0390DER,QEW-OR - QEW EB - 403 or FORD DR.,43.48437532,-79.67241982,,,
QEWDE0390DES,QEW-TS - E. OF SOUTHDOWN,43.53139365,-79.63990319,,,
QEWDE0390DNR,QEW-OR - WB QEW - DORVAL,43.44889106,-79.69764182,,,
QEWDE0390DWS,QEW-FS - E. OF SOUTHDOWN,43.53152034,-79.64001827,,,
QEWDE0400DER,QEW-OR - RAMP TO 403,43.49237827,-79.67296672,,,
QEWDE0400DES,QEW-TS - E. OF SOUTHDOWN,43.53616,-79.63464473,,,
QEWDE0400DWR,QEW-OR - HWY 403 SB - QEW WB,43.49209752,-79.67365902,,,
QEWDE0400DWS,QEW-FS - E. OF SOUTHDOWN,43.5362175,-79.63487267,,,
QEWDE0410DER,QEW-OR - RAMP TO FORD DR.,43.49134361,-79.67249419,,,
QEWDE0410DES,QEW-TS - W. OF MISSISSAUGA RD,43.54259394,-79.62761619,,,
QEWDE0410DNR,QEW-OR - WB QEW - TRAFALGAR,43.46314663,-79.6825914,,,
QEWDE0410DWS,QEW-FS - W. OF MISSISSAUGA RD,43.54256687,-79.62794132,,,
QEWDE0420DES,QEW-TS - W. OF MISSISSAUGA RD,43.54762834,-79.6219461,,,
QEWDE0420DNR,QEW-OR - RAMP TO FORD DR.,43.49645979,-79.67509928,,,
QEWDE0420DSR,QEW-OR - TO WCB,43.50791986,-79.66386955,,,
QEWDE0420DWS,QEW-FS - W. OF MISSISSAUGA RD,43.54794143,-79.62183027,,,
QEWDE0430DES,QEW-TS - AT MISSISSAUGA RD.,43.55076057,-79.61595065,,,
QEWDE0430DNR,QEW-OR - WB QEW TO WCB,43.51138034,-79.66411759,,,
QEWDE0430DSR,QEW-OR - TO SOUTHDOWN,43.52209507,-79.64965308,,,
QEWDE0430DWS,QEW-FS - AT MISSISSAUGA RD.,43.55021349,-79.61764721,,,
QEWDE0440DES,QEW-TS - AT MISS RD. NORTH,43.55290987,-79.61276944,,,
QEWDE0440DNR,QEW-OR - WB QEW-SOUTHDOWN ROAD,43.5265766,-79.64772802,,,
QEWDE0440DSR,QEW-OR - TO MISSISSAUGA RD.,43.55081226,-79.61427853,,,
QEWDE0440DWS,QEW-FS - AT MISS RD. NORTH,43.55300334,-79.61291276,,,
QEWDE0450DES,QEW-TS - E. OF CREDIT RIVER,43.55764547,-79.60906795,,,
QEWDE0450DNR,QEW-OR - WB QEW-MISSISSAUGA RD,43.55081116,-79.61773637,,,
QEWDE0450DSR,QEW-OR - TO HWY 10 SOUTH,43.56702413,-79.60031035,,,
QEWDE0450DWS,QEW-FS - E. OF CREDIT RIVER,43.55771648,-79.60922035,,,
QEWDE0460DES,QEW-TS - W. OF HWY 10,43.56289518,-79.60523022,,,
QEWDE0460DWS,QEW-FS - W. OF HWY 10,43.56296484,-79.60538832,,,
QEWDE0470DES,QEW-TS - AT HWY 10,43.56722231,-79.60079473,,,
QEWDE0470DNR,QEW-OR - WB QEW  -NB HWY 10,43.56921976,-79.59949412,,,
QEWDE0470DSR,QEW-OR - TO CAWTHRA,43.5818593,-79.58385636,,,
QEWDE0470DWS,QEW-FS - AT HWY 10,43.56730632,-79.60092959,,,
QEWDE0480DER,QEW-OR - FROM DIXIE,43.59991323,-79.56497602,,,
QEWDE0480DES,QEW-TS - E. OF HWY 10,43.5752997,-79.59200611,,,
QEWDE0480DWS,QEW-FS - E. OF HWY 10,43.5753865,-79.59214572,,,
QEWDE0490DES,QEW-TS - W. OF CAWTHRA,43.57814255,-79.58889678,,,
QEWDE0490DWR,QEW-OR - TO DIXIE,43.60016159,-79.56542496,,,
QEWDE0490DWS,QEW-FS - W. OF CAWTHRA,43.57822491,-79.58901939,,,
QEWDE0500DES,QEW-TS - AT CAWTHRA,43.58409054,-79.58238117,,,
QEWDE0500DNR,QEW-OR - WEST MALL EVANS AVE,43.60623939,-79.55775391,,,
QEWDE0500DWR,QEW-OR - FROM WEST MALL,43.60611914,-79.55883079,,,
QEWDE0500DWS,QEW-FS - AT CAWTHRA,43.58417089,-79.58252028,,,
QEWDE0510DES,QEW-TS - AT PED. OVERPASS,43.58984329,-79.5761164,43.58687628443874/-79.57927197217943;43.59209442957744/-79.57365274429323,43.586894/-79.579304;43.592113/-79.573687,736
QEWDE0510DNR,QEW-OR - TO HWY 427,43.61067219,-79.55291438,,,
QEWDE0510DWS,QEW-FS - AT PED. OVERPASS,43.58992698,-79.57626244,43.59176029534468/-79.57430720329286;43.58697342455647/-79.57956433296205,43.591753/-79.574294;43.586949/-79.579522,680.4
QEWDE0520DES,QEW-TS - W. OF DIXIE,43.59470857,-79.57087137,43.591674818847636/-79.57410335540771;43.59854363383666/-79.56665754318239,43.591695/-79.574139;43.598561/-79.566687,971.4
QEWDE0520DWR,QEW-OR - FROM HWY 427,43.61128135,-79.55312626,,,
QEWDE0520DWS,QEW-FS - W. OF DIXIE,43.5947882,-79.57100898,43.598745645937896/-79.56672191619874;43.59130182907617/-79.57476854324341,43.598737/-79.566706;43.591307/-79.574777,1051.5
QEWDE0530DES,QEW-TS - AT PARK ROYALE,43.59999119,-79.56511211,,,
QEWDE0530DWS,QEW-FS - AT PARK ROYALE,43.59950467,-79.56587034,,,
QEWDE0540DES,QEW-TS - E. OF ETOB CREEK,43.60590697,-79.55848116,,,
QEWDE0540DWS,QEW-FS - E. OF ETOB CREEK,43.60604234,-79.55869794,,,
QEWDE0550DES,QEW-TS - AT HWY 427,43.6106468,-79.55327542,,,
QEWDE0550DWS,QEW-FS - AT HWY 427,43.61072593,-79.55348939,,,
QEWDN0010DNR,QEW-OR - HWY 2 WB - QEW NB,43.31552048,-79.8061752,,,
QEWDN0010DNS,QEW-TS - N. OF HWY 2,43.31601048,-79.80868438,,,
QEWDN0010DSR,QEW-OR - HWY 2 WB - QEW SB,43.31501724,-79.80942388,,,
QEWDN0010DSS,QEW-FS - N. OF HWY 2,43.31587277,-79.80882708,,,
QEWDN0020DNR,QEW-OR - HWY 2 EB - QEW NB,43.31593169,-79.80628511,,,
QEWDN0020DNS,QEW-TS - N. OF HWY. 2,43.32232792,-79.8186807,,,
QEWDN0020DSS,QEW-FS - S. OF FAIRVIEW,43.32211961,-79.81891804,,,
QEWDN0020DWR,QEW-OR - QEW SB - HWY 2 WB,43.31501372,-79.80959189,,,
QEWDN0030DER,QEW-OR - QEW NB- FAIRVIEW,43.32480363,-79.82220065,,,
QEWDN0030DNS,QEW-TS - AT FAIRVIEW,43.32651501,-79.82436925,,,
QEWDN0030DSR,QEW-OR - FAIRVIEW EB -QEW NB,43.32566651,-79.82414508,,,
QEWDN0030DSS,QEW-FS - AT PLAINS RD.,43.32636106,-79.82465162,,,
QEWDN0040DNR,QEW-OR - FAIRVIEW EB - QEW SB,43.32735689,-79.8248608,,,
QEWDN0040DNS,QEW-TS - QEW NB AT FREEMAN,43.33302,-79.82859435,,,
QEWDN0040DSR,QEW-OR - FAIRVIEW WB - QEW NB,43.32777786,-79.8260225,,,
QEWDN0040DSS,QEW-FS - QEW SB AT FREEMAN,43.33297705,-79.82887498,,,
QEWDN0050DNR,QEW-OR - FAIRVIEW WB - QEW SB,43.33002639,-79.82647671,,,
QEWDN0050DNS,QEW-TS - QEW AT FREEMAN,43.33784272,-79.82817701,,,
QEWDN0050DSS,QEW-FS - QEW AT FREEMAN,43.33794229,-79.82842522,,,
QEWDN0060DNS,QEW-TS - S. OF BRANT,43.3406892,-79.82427423,,,
QEWDN0060DSS,QEW-FS - S. OF BRANT,43.34090065,-79.82445306,,,
QEWDN0070DNR,QEW-OR - QEW NB - 403 WB,43.33311277,-79.82796319,,,
QEWDN0080DSR,QEW-OR - 403EB-QEW SB,43.33305468,-79.82947016,,,
QEWDN0090DSR,QEW-OR - 403EB-FAIRVIEW,43.33323183,-79.83018317,,,
QEWDN0100DER,QEW-OR - 403WB-QEW NB,43.33678638,-79.82782876,,,
QEWDN0110DWR,QEW-OR - SB QEW - 403 WB,43.34099156,-79.8245337,,,
QEWDN0120DER,QEW-OR - 403WB- QEW NB,43.34048578,-79.8240837,,,
QEWDN0130DSR,QEW-OR - 403WB-BRANT,43.34006707,-79.82365426,,,
QEWDS0010DEF,QEW-OR - RED HILL - NB QEW,43.24813398,-79.76255584,,,
QEWDS0010DNS,QEW-TS - S. OF HWY 2,43.30967199,-79.80349898,,,
QEWDS0010DSR,QEW-OR - SB COLL. TO QEW SB,43.30952835,-79.80396991,,,
QEWDS0010DSS,QEW-FS - S. OF HWY 2,43.30963016,-79.80371826,,,
QEWDS0010DWF,QEW-OR - RED HILL CREEK EXPWY,43.2482262,-79.76261672,,,
QEWDS0020DNS,QEW-TS - SKYWAY N. OF CANAL,43.30250235,-79.79936957,,,
QEWDS0020DSR,QEW-OR - SERV ROAD - SB QEW,43.28761555,-79.79148386,,,
QEWDS0020DSS,QEW-FS - SKYWAY N. OF CANAL,43.3024305,-79.79963279,,,
QEWDS0025DNR,QEW-OR - QEW NB - SERV. ROAD,43.28692468,-79.79009219,,,
QEWDS0030DNR,QEW-OR - BEACH BLVD - QEW NB,43.26559058,-79.77362053,,,
QEWDS0030DNS,QEW-TS - SKYWAY S. OF CANAL,43.29495927,-79.79500356,,,
QEWDS0030DSS,QEW-FS - SKYWAY S. OF CANAL,43.29487823,-79.79527583,,,
QEWDS0030DWR,QEW-OR - QEW SB - WOODWARD,43.26200473,-79.77124681,,,
QEWDS0040DNR,QEW-OR - BURLINGTON - QEW NB,43.25802384,-79.76736868,,,
QEWDS0040DNS,QEW-TS - SKYWAY SOUTH APPROACH,43.28684634,-79.79033328,,,
QEWDS0040DSS,QEW-FS - SKYWAY SOUTH APPROACH,43.28745322,-79.7909894,,,
QEWDS0040DWR,QEW-OR - QEW - BURLINGTON,43.26022967,-79.76993006,,,
QEWDS0047DNR,QEW-OR - BURLINGTON - WOODWARD,43.25863494,-79.77183354,,,
QEWDS0050DNS,QEW-TS - QEW NORTH OF CMS 4,43.28189913,-79.78778276,,,
QEWDS0050DSR,QEW-OR - BURLINGTON - QEW SB,43.25787843,-79.76793177,,,
QEWDS0050DSS,QEW-FS - QEW NORTH OF CMS 4,43.28184821,-79.78802846,,,
QEWDS0050DWR,QEW-OR - NB QEW - BURLINGTON ST,43.25742302,-79.76606697,,,
QEWDS0055DER,QEW-OR - BURLINGTON - RHCE,43.25878969,-79.77112012,,,
QEWDS0060DNR,QEW-OR - RHCE - QEW NB,43.24691943,-79.75821775,,,
QEWDS0060DNS,QEW-TS - QEW SOUTH OF CMS 4,43.27643354,-79.78435483,,,
QEWDS0060DSR,QEW-OR - QEW TO RED HILL EXPWY,43.251327,-79.76342231,,,
QEWDS0060DSS,QEW-FS - QEW SOUTH OF CMS 4,43.27633494,-79.78457228,,,
QEWDS0065DWR,QEW-OR - BURL ST - RED HILL EXPWY,43.2484423,-79.76323041,,,
QEWDS0070DNS,QEW-TS - QEW SOUTH OF CMS 4,43.27150496,-79.77961119,,,
QEWDS0070DSR,QEW-OR - SB QEW - CENTENNIAL PKWY,43.24777257,-79.76103147,,,
QEWDS0070DSS,QEW-FS - QEW SOUTH OF CMS 4,43.27138327,-79.77982084,,,
QEWDS0075DSR,QEW-OR - REDHILL CREEK-SB QEW,43.24795184,-79.76244754,,,
QEWDS0080DNR,QEW-OR - NORTH SERVICE - NB QEW,43.24620983,-79.75625773,,,
QEWDS0080DNS,QEW-TS - AT BEACH BLVD,43.26545883,-79.77384457,,,
QEWDS0080DSR,QEW-OR - RHCE/HWY20 - QEW SB,43.24312148,-79.74562461,,,
QEWDS0080DSS,QEW-FS - AT BEACH BLVD,43.2648813,-79.77358264,,,
QEWDS0090DNR,QEW-OR - QEW NB- RHCE,43.24549219,-79.75259691,,,
QEWDS0090DNS,QEW-TS - AT WOODWARD AVE,43.26218703,-79.77074423,,,
QEWDS0090DSS,QEW-FS - AT WOODWARD AVE,43.26038225,-79.76952957,,,
QEWDS0095DNR,QEW-OR - QEW NB - NORTH SERVICE,43.24531132,-79.75266442,,,
QEWDS0100DNR,QEW-OR - QEW NB - RHCE/NSR,43.24354049,-79.74522712,,,
QEWDS0100DNS,QEW-TS - AT BURLINGTON ST.,43.25793735,-79.76758608,,,
QEWDS0100DSS,QEW-FS - AT BURLINGTON ST.,43.25779546,-79.76766364,,,
QEWDS0110DNS,QEW-TS - NORTH OF RHCE,43.25147878,-79.76298048,,,
QEWDS0110DSS,QEW-FS - AT RED HILL CREEK EXPWY,43.25139453,-79.76323756,,,
QEWDS0120DNS,QEW-TS - NORTH OF CENTENNIAL,43.24667864,-79.7583493,,,
QEWDS0120DSS,QEW-FS - AT CENTENNIAL PKWY,43.24759073,-79.76026262,,,
QEWDS0130DNS,QEW-TS - SOUTH OF CENTENNIAL,43.24498754,-79.75193013,,,
QEWDS0130DSS,QEW-FS - S. OF CENTENNIAL PKWY,43.24482169,-79.75199179,,,
QEWDS0140DNS,QEW-TS - NORTH OF GRAYS,43.24338497,-79.74528637,,,
QEWDS0140DSS,QEW-FS - NEAR LAKE AVE,43.24321279,-79.7453511,,,
QEWDS0150DNS,QEW-TS - AT GRAYS ROAD,43.24129784,-79.73663673,,,
QEWDS0150DSS,QEW-FS - AT GRAYS ROAD,43.24113471,-79.73671532,,,
QEWDS0160DNS,QEW-TS - AT MILLEN ROAD,43.239867,-79.73071388,,,
QEWDS0160DSS,QEW-FS - AT MILLEN ROAD,43.23970883,-79.73077889,,,
